burn_events,date,mint_events,net_liquidity_change,pool_address,swap_events,total_liquidity_added,total_liquidity_removed,total_trading_volume,liquidity_change,liquidity_change_rate,TVL_change_rate,fee_revenue,utilization_rate,health_score
271,2025-02-24 00:00:00+00:00,251,-605678485253902746,0x88e6a0c2ddd26feeb64f039a2c41296fcb3f5640,7791,82224.1595960247,82224.76527450995,213331.21738672617,-0.6056784852407873,,0.0,639.9936521601785,259.4507726620049,69.80609418282549
230,2025-02-23 00:00:00+00:00,211,869897777462517341,0x88e6a0c2ddd26feeb64f039a2c41296fcb3f5640,6254,65508.89304890363,65508.023151126166,129281.36271647626,0.8698977774620289,-243.62368792350307,-20.328899230159124,387.8440881494288,197.34933182272712,39.335180055401665
254,2025-02-22 00:00:00+00:00,265,-7280742462148687131,0x88e6a0c2ddd26feeb64f039a2c41296fcb3f5640,6361,88404.71914101258,88411.99988347472,102728.42344501324,-7.280742462142371,-936.9652907246536,34.95071436334114,308.1852703350397,116.20242046259229,57.61772853185596
262,2025-02-21 00:00:00+00:00,233,7585473208556050800,0x88e6a0c2ddd26feeb64f039a2c41296fcb3f5640,8285,70368.75313113593,70361.16765792738,203309.5296043308,7.585473208557232,-204.1854350431892,-20.401587364479767,609.9285888129924,288.92018198113107,58.448753462603875
275,2025-02-20 00:00:00+00:00,256,-1222398585377963614,0x88e6a0c2ddd26feeb64f039a2c41296fcb3f5640,5839,90904.64931778485,90905.87171637024,79960.04567151105,-1.2223985853925114,-116.11499443453988,29.183260002318324,239.88013701453315,87.96034776173703,48.476454293628805
242,2025-02-19 00:00:00+00:00,221,-170933373396590068,0x88e6a0c2ddd26feeb64f039a2c41296fcb3f5640,6601,64519.25901891945,64519.42995229285,84042.99833914408,-0.17093337339611026,-86.01655994707949,-29.025347434790973,252.12899501743223,130.2603278727977,14.40443213296399
246,2025-02-18 00:00:00+00:00,239,-2338077056455600786,0x88e6a0c2ddd26feeb64f039a2c41296fcb3f5640,8171,77746.93235805382,77749.27043511029,155836.33757593876,-2.3380770564690465,1267.829470638793,20.50189903026556,467.5090127278163,200.44049694237955,66.7590027700831
180,2025-02-17 00:00:00+00:00,191,-2621908223982556358687,0x88e6a0c2ddd26feeb64f039a2c41296fcb3f5640,6631,55798.04548808456,58419.95371206711,155455.9880118183,-2621.908223982551,112039.51296977975,-28.23119344295978,466.36796403545486,278.6047193086992,43.21329639889196
183,2025-02-16 00:00:00+00:00,173,2620837677525241033256,0x88e6a0c2ddd26feeb64f039a2c41296fcb3f5640,4636,62537.83606904376,59916.99839151852,44013.77155684624,2620.83767752524,-199.959169186491,12.078900832464567,132.04131467053872,70.37942839636094,29.916897506925206
195,2025-02-15 00:00:00+00:00,225,2816624429848800046,0x88e6a0c2ddd26feeb64f039a2c41296fcb3f5640,4947,76837.15725120777,76834.34062677794,39586.15694334211,2.8166244298336096,-99.89252961165862,22.86507190043656,118.75847083002633,51.51954908212052,35.18005540166205
201,2025-02-14 00:00:00+00:00,212,440234754608887919,0x88e6a0c2ddd26feeb64f039a2c41296fcb3f5640,7652,67859.06799179298,67858.62775703837,114105.42671053651,0.4402347546129022,-84.37012936655852,-11.684567181555462,342.3162801316096,168.15059517813694,38.78116343490305
234,2025-02-13 00:00:00+00:00,256,136699715783543582,0x88e6a0c2ddd26feeb64f039a2c41296fcb3f5640,7776,85530.90171743909,85530.7650177233,117628.76984920412,0.13669971578929108,-68.94844980844573,26.041963511469657,352.88630954761237,137.52780280255192,57.340720221606645
202,2025-02-12 00:00:00+00:00,219,2927809004397628580,0x88e6a0c2ddd26feeb64f039a2c41296fcb3f5640,8148,63529.03924107216,63526.111432067766,149665.77474457203,2.9278090043953853,2041.7813398444146,-25.72387527148088,448.9973242337161,235.58639723267154,41.27423822714682
219,2025-02-11 00:00:00+00:00,239,52700714578994912,0x88e6a0c2ddd26feeb64f039a2c41296fcb3f5640,7961,75116.26014979776,75116.20744908319,137706.93617573433,0.05270071457198355,-98.19999479157055,18.239250974276256,413.120808527203,183.3250695669852,61.21883656509696
213,2025-02-10 00:00:00+00:00,204,-2695158479890044356,0x88e6a0c2ddd26feeb64f039a2c41296fcb3f5640,7743,67053.76430986063,67056.45946834052,79971.67257979763,-2.6951584798807744,-5214.0833701590045,-10.733356298434982,239.91501773939288,119.26500085847877,27.42382271468144
246,2025-02-09 00:00:00+00:00,224,959227125931926147,0x88e6a0c2ddd26feeb64f039a2c41296fcb3f5640,7041,91027.39967944469,91026.44045231875,73744.86266491238,0.9592271259316476,-135.59075034333716,35.75285536364525,221.23458799473713,81.01391770456675,50.69252077562327
246,2025-02-08 00:00:00+00:00,228,-2552349263002021029,0x88e6a0c2ddd26feeb64f039a2c41296fcb3f5640,6595,90991.53303124358,90994.0853805066,56789.53970130124,-2.5523492630163673,-366.08393299317953,-0.03940203535134357,170.36861910390374,62.411894611998164,24.37673130193906
214,2025-02-07 00:00:00+00:00,232,2301641067417682661,0x88e6a0c2ddd26feeb64f039a2c41296fcb3f5640,9499,76196.31841364304,76194.01677257562,157205.99971848135,2.301641067417222,-190.177355457111,-16.25999049001663,471.61799915544407,206.31705440814767,46.53739612188366
213,2025-02-06 00:00:00+00:00,193,-1599331987333007182,0x88e6a0c2ddd26feeb64f039a2c41296fcb3f5640,10033,65429.090288246574,65430.68962023391,311769.77989301406,-1.5993319873377914,-169.48659415138417,-14.130903368513115,935.3093396790422,476.5002516763085,82.27146814404432
213,2025-02-05 00:00:00+00:00,197,-263576039521018270,0x88e6a0c2ddd26feeb64f039a2c41296fcb3f5640,9551,55562.88153355144,55563.14510959096,168700.05302902532,-0.26357603952055797,-83.51961683957187,-15.07923877778179,506.10015908707595,303.6200578027193,53.18559556786704
244,2025-02-04 00:00:00+00:00,236,4196772003228272916,0x88e6a0c2ddd26feeb64f039a2c41296fcb3f5640,12530,53124.32492289112,53120.12815088788,275690.0579921229,4.196772003240767,-1692.2433658517107,-4.388823155594979,827.0701739763687,518.9525860183285,81.4404432132964
248,2025-02-03 00:00:00+00:00,195,12127565865159449631,0x88e6a0c2ddd26feeb64f039a2c41296fcb3f5640,15006,30523.911623535456,30511.78405767029,576458.8258314825,12.127565865164797,188.97366489768407,-42.542495047531816,1729.3764774944477,1888.548338565507,97.78393351800554
209,2025-02-02 00:00:00+00:00,192,-4104152944038992158,0x88e6a0c2ddd26feeb64f039a2c41296fcb3f5640,10310,38486.09293896353,38490.19709190757,142868.56781451526,-4.104152944040834,-133.84152260784333,26.085062142850756,428.6057034435458,371.22128255808053,70.6371191135734
153,2025-02-01 00:00:00+00:00,143,-1332074340847467936035,0x88e6a0c2ddd26feeb64f039a2c41296fcb3f5640,6300,35086.514417280385,36418.58875812786,79993.01347626254,-1332.0743408474736,32356.74220746634,-8.833264855111834,239.9790404287876,227.98791730895144,33.795013850415515
143,2025-01-31 00:00:00+00:00,133,1360890727601384303092,0x88e6a0c2ddd26feeb64f039a2c41296fcb3f5640,6968,31645.42571298493,30284.53498538355,146354.84952133227,1360.8907276013779,-202.16327166361987,-9.807439585964383,439.0645485639968,462.4834276167729,57.06371191135734
155,2025-01-30 00:00:00+00:00,156,176197831379748194,0x88e6a0c2ddd26feeb64f039a2c41296fcb3f5640,5970,40888.138462258,40887.96226442663,70295.46714723871,0.17619783137342893,-99.98705275685992,29.207105106127717,210.88640144171615,171.92141728859897,49.307479224376735
133,2025-01-29 00:00:00+00:00,133,21168793137809078,0x88e6a0c2ddd26feeb64f039a2c41296fcb3f5640,6652,38527.70349315245,38527.68232435932,67909.06958611649,0.02116879312961828,-87.98578111625352,-5.7729088627606835,203.72720875834946,176.26036184115154,30.193905817174517
131,2025-01-28 00:00:00+00:00,126,-50075539366569956,0x88e6a0c2ddd26feeb64f039a2c41296fcb3f5640,6207,22343.79432416929,22343.84439970865,55504.4281670284,-0.050075539362296695,-336.55358647835993,-42.00590147258462,166.51328450108522,248.41093397905678,6.64819944598338
182,2025-01-27 00:00:00+00:00,169,-2193499300339681021,0x88e6a0c2ddd26feeb64f039a2c41296fcb3f5640,8744,34174.93606999932,34177.12956929966,129145.29394375611,-2.1934993003378622,4280.380777265098,52.950459416967874,387.4358818312684,377.89476380945484,77.5623268698061
134,2025-01-26 00:00:00+00:00,142,-1255887004542726925,0x88e6a0c2ddd26feeb64f039a2c41296fcb3f5640,5155,33797.60220977146,33798.858096776,113977.0922773602,-1.2558870045395452,-42.74504649506375,-1.1041245533129351,341.93127683208064,337.23425576151527,49.584487534626035
122,2025-01-25 00:00:00+00:00,121,171977707276301487,0x88e6a0c2ddd26feeb64f039a2c41296fcb3f5640,4624,27750.797778218515,27750.62580051124,71886.46532549952,0.17197770727580064,-113.69372456711216,-17.891223152525036,215.65939597649856,259.042878334557,25.761772853185594
134,2025-01-24 00:00:00+00:00,143,3058976802554082635,0x88e6a0c2ddd26feeb64f039a2c41296fcb3f5640,6342,28720.119538588508,28717.06056178596,170098.71056348688,3.058976802549296,1678.705421187884,3.4929509706953743,510.29613169046064,592.2632401823444,73.13019390581718
118,2025-01-23 00:00:00+00:00,146,1492877942693645406,0x88e6a0c2ddd26feeb64f039a2c41296fcb3f5640,7643,23432.815620156987,23431.32274221429,297268.9722746549,1.4928779426954861,-51.196820405720345,-18.409755959850614,891.8069168239647,1268.6011663871204,91.41274238227147
92,2025-01-22 00:00:00+00:00,106,-7291267450064945655,0x88e6a0c2ddd26feeb64f039a2c41296fcb3f5640,6139,19848.22306284408,19855.514330294147,135884.63483823644,-7.291267450065789,-588.4034549335588,-15.29731900518787,407.6539045147093,684.618640207711,62.04986149584487
102,2025-01-21 00:00:00+00:00,133,10883558282504896218,0x88e6a0c2ddd26feeb64f039a2c41296fcb3f5640,7444,20661.83828911748,20650.95473083497,238974.69732662005,10.88355828251224,-249.26840027537378,4.099184212598295,716.9240919798601,1156.5993982853267,89.75069252077562
73,2025-01-20 00:00:00+00:00,65,9131776362048828715,0x88e6a0c2ddd26feeb64f039a2c41296fcb3f5640,7911,10475.2999476224,10466.16817126035,308040.51558794273,9.131776362050005,-16.095672710982846,-49.301219954181406,924.1215467638282,2940.636708525557,97.50692520775624
87,2025-01-19 00:00:00+00:00,63,-4245222277644693214,0x88e6a0c2ddd26feeb64f039a2c41296fcb3f5640,8142,9185.935308421267,9190.180530698912,218540.0176602632,-4.245222277644643,-146.488460835364,-12.308617850067217,655.6200529807896,2379.0720304759298,95.84487534626038
86,2025-01-18 00:00:00+00:00,83,3390691799789765432,0x88e6a0c2ddd26feeb64f039a2c41296fcb3f5640,7292,17549.578922674496,17546.188230874704,112661.8289933488,3.3906917997919663,-179.87077184738624,91.04836179921499,337.9854869800464,641.9631461800311,88.9196675900277
103,2025-01-17 00:00:00+00:00,106,-23554439846423140595,0x88e6a0c2ddd26feeb64f039a2c41296fcb3f5640,5588,21669.59409496021,21693.14853480664,78707.68219375159,-23.554439846429887,-794.6794706577299,23.476433197850422,236.12304658125478,363.21715048671336,54.57063711911358
61,2025-01-16 00:00:00+00:00,70,-1491353517670805214,0x88e6a0c2ddd26feeb64f039a2c41296fcb3f5640,5403,14350.992112684346,14352.483466202017,49340.36003323164,-1.4913535176710866,-93.66848234390457,-33.77359977397077,148.02108009969493,343.81149153877243,11.357340720221606
109,2025-01-15 00:00:00+00:00,95,-815465157639318815,0x88e6a0c2ddd26feeb64f039a2c41296fcb3f5640,5505,15404.603272409584,15405.418737567225,54557.44170428143,-0.815465157640574,-45.32046573947047,7.341730463317497,163.6723251128443,354.1632376991918,40.99722991689751
103,2025-01-14 00:00:00+00:00,98,419504397103750947,0x88e6a0c2ddd26feeb64f039a2c41296fcb3f5640,5034,19540.05389219166,19539.634387794555,39862.175817847696,0.4195043971049017,-151.44357096981,26.845550947675978,119.58652745354308,204.0023842195077,42.10526315789473
187,2025-01-13 00:00:00+00:00,154,-415534792620803377,0x88e6a0c2ddd26feeb64f039a2c41296fcb3f5640,8253,30168.35113372584,30168.766668518467,102206.94108328804,-0.41553479262802284,-199.0537394830009,54.39236401380305,306.62082324986415,338.78862199077474,74.51523545706371
83,2025-01-12 00:00:00+00:00,89,644483814396792922,0x88e6a0c2ddd26feeb64f039a2c41296fcb3f5640,3972,24998.012578095477,24997.368094281075,28325.40217297265,0.6444838144016103,-255.09743728692706,-17.13828685138291,84.97620651891795,113.31061653194301,7.479224376731302
100,2025-01-11 00:00:00+00:00,94,-4373834873236358108,0x88e6a0c2ddd26feeb64f039a2c41296fcb3f5640,4174,29163.415524122207,29167.789358995444,24637.104454808567,-4.373834873236774,-778.6570547621569,16.662936435501543,73.9113133644257,84.47948915458907,28.254847645429365
124,2025-01-10 00:00:00+00:00,115,6248059862537018419,0x88e6a0c2ddd26feeb64f039a2c41296fcb3f5640,5620,13529.297785241566,13523.049725379027,57255.4173586064,6.248059862538867,-242.85084013505767,-53.608665027417814,171.7662520758192,423.19578050136107,6.9252077562326875
126,2025-01-09 00:00:00+00:00,117,-3285258788022473384,0x88e6a0c2ddd26feeb64f039a2c41296fcb3f5640,6926,14533.430993054815,14536.71625184284,70722.48362419008,-3.2852587880242936,-152.58046274046654,7.421916671156481,212.16745087257024,486.6193238058287,50.13850415512465
124,2025-01-08 00:00:00+00:00,112,-27635944078288704,0x88e6a0c2ddd26feeb64f039a2c41296fcb3f5640,6285,26631.171154221374,26631.19879016545,75970.70872080592,-0.027635944075882435,-99.15878943306922,83.24077203069106,227.91212616241776,285.2698752182501,77.8393351800554
89,2025-01-07 00:00:00+00:00,87,26695499797003172572,0x88e6a0c2ddd26feeb64f039a2c41296fcb3f5640,5681,16294.41004189824,16267.714542101236,84485.57255747908,26.69549979700423,-96697.02496033447,-38.81451946841861,253.45671767243726,518.4942096107753,29.085872576177284
102,2025-01-06 00:00:00+00:00,90,-27354874123818657,0x88e6a0c2ddd26feeb64f039a2c41296fcb3f5640,5050,19449.25528371091,19449.282638585035,87084.19069492504,-0.027354874124284834,-100.1024699830769,19.36151866622071,261.2525720847751,447.75077207125537,58.17174515235457
75,2025-01-05 00:00:00+00:00,63,-2429942182498829329,0x88e6a0c2ddd26feeb64f039a2c41296fcb3f5640,3952,17911.87078688386,17914.30072906636,21913.350164696127,-2.4299421824980527,8783.031855521584,-7.904593129149973,65.74005049408838,122.3398182435661,10.249307479224377
75,2025-01-04 00:00:00+00:00,76,-3585003502615709527,0x88e6a0c2ddd26feeb64f039a2c41296fcb3f5640,4209,27293.449914863788,27297.034918366404,29196.663353643657,-3.5850035026160185,47.53451865799245,52.37632204699509,87.58999006093097,106.97315086482855,49.86149584487535
85,2025-01-03 00:00:00+00:00,71,-2297336661668328575,0x88e6a0c2ddd26feeb64f039a2c41296fcb3f5640,5418,28758.7276686393,28761.02500530097,44112.15650917066,-2.2973366616679414,-35.9181473604824,5.368605868243637,132.33646952751198,153.38702399297694,29.6398891966759
80,2025-01-02 00:00:00+00:00,87,968982450890645693,0x88e6a0c2ddd26feeb64f039a2c41296fcb3f5640,4683,23062.329754557504,23061.36077210661,60106.88950973154,0.9689824508932361,-142.17851336554753,-19.807544964145208,180.32066852919462,260.62800310906755,18.282548476454295
62,2025-01-01 00:00:00+00:00,60,1573701052805023923,0x88e6a0c2ddd26feeb64f039a2c41296fcb3f5640,4209,21905.19678368696,21903.623082634156,35771.85186567303,1.5737010528027895,62.407590700131486,-5.017415773624845,107.3155555970191,163.30303817362974,16.62049861495845
83,2024-12-31 00:00:00+00:00,96,-1447976444405001907,0x88e6a0c2ddd26feeb64f039a2c41296fcb3f5640,5916,19073.76416382492,19075.212140269326,95009.96505780476,-1.4479764444076864,-192.0108963407513,-12.92584881944836,285.0298951734143,498.1185897118282,45.15235457063712
99,2024-12-30 00:00:00+00:00,122,-100966801936241916,0x88e6a0c2ddd26feeb64f039a2c41296fcb3f5640,7006,36924.08845656853,36924.18942337046,141207.77622451328,-0.10096680193237262,-93.02704112885797,93.58574500254295,423.62332867353985,382.4272504129846,88.36565096952909
70,2024-12-29 00:00:00+00:00,86,388613539971294265,0x88e6a0c2ddd26feeb64f039a2c41296fcb3f5640,4538,28778.819912762287,28778.43129922232,27325.772943947894,0.38861353996617254,-484.89239287430854,-22.05949797078134,81.97731883184368,94.95098487978646,5.8171745152354575
85,2024-12-28 00:00:00+00:00,74,43072621319346449,0x88e6a0c2ddd26feeb64f039a2c41296fcb3f5640,4110,17795.80704755537,17795.76397493405,27246.45298937844,0.043072621319879545,-88.91633541033366,-38.16352754734178,81.73935896813532,153.10602613620335,2.21606648199446
99,2024-12-27 00:00:00+00:00,85,217249032923880252,0x88e6a0c2ddd26feeb64f039a2c41296fcb3f5640,5588,16431.987826921842,16431.770577888918,60686.47283753464,0.21724903292488307,404.3784805003612,-7.663710990959949,182.0594185126039,369.31911997955063,36.288088642659275
72,2024-12-26 00:00:00+00:00,65,-102440757811878821,0x88e6a0c2ddd26feeb64f039a2c41296fcb3f5640,5488,13369.740906922209,13369.84334768002,52995.13143212392,-0.10244075781156425,-147.15360820362528,-18.635888440609172,158.98539429637177,396.3811400764363,26.869806094182824
73,2024-12-25 00:00:00+00:00,67,-301817728779380676,0x88e6a0c2ddd26feeb64f039a2c41296fcb3f5640,4721,10847.053536037072,10847.355353765854,41570.03933009563,-0.30181772878131596,194.6266068594473,-18.868633195270146,124.71011799028689,383.2380765153214,22.160664819944596
87,2024-12-24 00:00:00+00:00,90,1826767286113043362,0x88e6a0c2ddd26feeb64f039a2c41296fcb3f5640,5783,26094.660343315543,26092.83357602944,59256.853032914805,1.826767286103859,-705.2551298030128,140.5691117557545,177.77055909874443,227.08420900406222,88.64265927977839
107,2024-12-23 00:00:00+00:00,99,-15190075961614013260,0x88e6a0c2ddd26feeb64f039a2c41296fcb3f5640,7595,25907.66311389116,25922.85318985277,93052.78216389036,-15.190075961607363,-931.527697980888,-0.7166110881082322,279.15834649167107,359.17088220124856,45.98337950138504
109,2024-12-22 00:00:00+00:00,103,390342111830358250,0x88e6a0c2ddd26feeb64f039a2c41296fcb3f5640,6387,20729.12876405905,20728.73842194721,58237.62870787015,0.3903421118375263,-102.5697179712867,-19.98842708069447,174.71288612361045,280.9458582207505,19.667590027700832
86,2024-12-21 00:00:00+00:00,80,18342074130435303793,0x88e6a0c2ddd26feeb64f039a2c41296fcb3f5640,7024,11128.900401267256,11110.558327136823,68312.45176950871,18.342074130432593,4598.973944698847,-46.312744119941186,204.93735530852615,613.8293030435417,22.437673130193904
133,2024-12-20 00:00:00+00:00,128,-13253301599892739919,0x88e6a0c2ddd26feeb64f039a2c41296fcb3f5640,9364,31116.28246409249,31129.535765692377,153933.3609808544,-13.2533015998888,-172.25628631551183,179.59889424968932,461.8000829425632,494.7035725057778,96.95290858725761
115,2024-12-19 00:00:00+00:00,97,9216276262152134742,0x88e6a0c2ddd26feeb64f039a2c41296fcb3f5640,8406,25757.311153530078,25748.09487726792,174221.3084271224,9.216276262159226,-169.53947431662274,-17.222402183636643,522.6639252813671,676.3955577065159,68.69806094182826
88,2024-12-18 00:00:00+00:00,84,-3919415317166986467,0x88e6a0c2ddd26feeb64f039a2c41296fcb3f5640,7293,22617.62750603568,22621.54692135285,140216.8380829344,-3.9194153171702055,-142.52710319961642,-12.1894852641251,420.65051424880323,619.9449435866628,62.32686980609419
55,2024-12-17 00:00:00+00:00,65,17210738764591276202,0x88e6a0c2ddd26feeb64f039a2c41296fcb3f5640,5574,13080.236553111245,13063.02581434665,86578.63022983402,17.21073876459377,-539.1149539370537,-42.167954841325916,259.73589068950207,661.9041626524756,34.07202216066482
87,2024-12-16 00:00:00+00:00,83,-12139076121719347000,0x88e6a0c2ddd26feeb64f039a2c41296fcb3f5640,6421,31777.93293641565,31790.072012537377,120442.96468637975,-12.139076121726248,-170.53198754430557,142.94616391212745,361.32889405913926,379.01447185810866,93.07479224376732
84,2024-12-15 00:00:00+00:00,64,1742851704528046354,0x88e6a0c2ddd26feeb64f039a2c41296fcb3f5640,4443,28548.978613981897,28547.23576227737,44777.50920680683,1.7428517045264016,-114.3573669614534,-10.160995458372192,134.3325276204205,156.84452257383734,15.23545706371191
62,2024-12-14 00:00:00+00:00,52,7072708568577069822,0x88e6a0c2ddd26feeb64f039a2c41296fcb3f5640,4728,25683.740353926045,25676.667645357476,49715.72300106255,7.072708568568487,305.81241365514853,-10.03621985499894,149.14716900318766,193.56885841381336,19.94459833795014
42,2024-12-13 00:00:00+00:00,34,1801881333009186486,0x88e6a0c2ddd26feeb64f039a2c41296fcb3f5640,5121,16427.682119462042,16425.880238129037,71280.2727980041,1.80188133300544,-74.52346133681938,-36.03859136914656,213.84081839401227,433.9034093772586,21.60664819944598
56,2024-12-12 00:00:00+00:00,65,7177066953074889711,0x88e6a0c2ddd26feeb64f039a2c41296fcb3f5640,6034,15092.02418339105,15084.847116437972,108057.90122467438,7.177066953077883,298.3096345810368,-8.130531905585304,324.17370367402316,715.9934274661008,60.11080332409973
46,2024-12-11 00:00:00+00:00,50,131785386039164268,0x88e6a0c2ddd26feeb64f039a2c41296fcb3f5640,5554,7602.309942312205,7602.178156926166,59584.82649960031,0.13178538603915513,-98.1637988484608,-49.62696951759038,178.75447949880095,783.7726553079456,25.20775623268698
55,2024-12-10 00:00:00+00:00,54,-1225789809314168118,0x88e6a0c2ddd26feeb64f039a2c41296fcb3f5640,6475,7620.048588517186,7621.2743783265,108087.05088971756,-1.2257898093139374,-1030.1409254511266,0.23333232056552689,324.2611526691527,1418.4561900641454,80.33240997229917
75,2024-12-09 00:00:00+00:00,47,-912033338537777200,0x88e6a0c2ddd26feeb64f039a2c41296fcb3f5640,6572,12392.408110229671,12393.320143568208,108958.4442869536,-0.9120333385362756,-25.59627012670862,62.62899069835404,326.8753328608608,879.2354425207375,85.3185595567867
74,2024-12-08 00:00:00+00:00,72,-19766102988388284726,0x88e6a0c2ddd26feeb64f039a2c41296fcb3f5640,4172,11638.694943115224,11658.461046103612,20077.115698605507,-19.7661029883875,2067.256629029611,-6.082055726459434,60.231347095816524,172.50315260201884,12.742382271468145
81,2024-12-07 00:00:00+00:00,68,16885828451251029712,0x88e6a0c2ddd26feeb64f039a2c41296fcb3f5640,4370,11726.686527087904,11709.800698636653,39603.0286417748,16.885828451251655,-185.42821243606798,0.7560262074291391,118.8090859253244,337.7171253814478,33.2409972299169
104,2024-12-06 00:00:00+00:00,79,-10238187809340987111,0x88e6a0c2ddd26feeb64f039a2c41296fcb3f5640,5924,7968.391729987514,7978.629917796855,113230.67878565357,-10.23818780934107,-160.6318359735685,-32.04907702119407,339.6920363569607,1420.9978954665548,71.74515235457064
95,2024-12-05 00:00:00+00:00,83,4507817168850578307,0x88e6a0c2ddd26feeb64f039a2c41296fcb3f5640,6071,11758.865324487708,11754.357507318857,152124.5747852915,4.507817168851034,-144.02944400705576,47.568866126843055,456.3737243558745,1293.7011402664316,91.96675900277008
79,2024-12-04 00:00:00+00:00,58,4707253054867956983,0x88e6a0c2ddd26feeb64f039a2c41296fcb3f5640,5668,5759.018546620511,5754.311293565641,86616.01531194395,4.707253054870307,4.424223045188547,-51.02402835903377,259.84804593583186,1504.0065353283449,62.603878116343495
40,2024-12-03 00:00:00+00:00,34,-66673456452121796,0x88e6a0c2ddd26feeb64f039a2c41296fcb3f5640,5686,7086.010294548693,7086.076968005144,85970.03546954379,-0.0666734564510989,-101.41639838933484,23.041977329746288,257.91010640863135,1213.2361074281955,80.05540166204986
44,2024-12-02 00:00:00+00:00,43,-4434944019201375793,0x88e6a0c2ddd26feeb64f039a2c41296fcb3f5640,5433,8211.668814343086,8216.103758362284,95391.36548536504,-4.434944019198156,6551.738570732312,15.885646125300834,286.1740964560951,1161.6562679530825,78.39335180055402
62,2024-12-01 00:00:00+00:00,46,5277677809704157782,0x88e6a0c2ddd26feeb64f039a2c41296fcb3f5640,4843,8281.53089596119,8276.253218151485,45424.48909515207,5.277677809704983,-219.00212915560527,0.8507659429235481,136.2734672854562,548.5035274976162,42.93628808864266
85,2024-11-30 00:00:00+00:00,70,160819757982233319,0x88e6a0c2ddd26feeb64f039a2c41296fcb3f5640,5312,9381.370986748008,9381.210166990026,47444.68870379081,0.16081975798260828,-96.95283107872025,13.28063741600236,142.33406611137244,505.7329975630482,47.92243767313019
95,2024-11-29 00:00:00+00:00,72,2212930753038373291,0x88e6a0c2ddd26feeb64f039a2c41296fcb3f5640,4845,14857.043811446943,14854.830880693904,38954.783255990944,2.2129307530394726,1276.0316398926482,58.367511874690734,116.86434976797284,262.19740447946555,63.1578947368421
94,2024-11-28 00:00:00+00:00,71,-8244911617939746366,0x88e6a0c2ddd26feeb64f039a2c41296fcb3f5640,5319,20935.94661934356,20944.19153096149,67553.84293883762,-8.244911617930484,-472.5788349502601,40.915964744029274,202.66152881651288,322.66915925560266,62.880886426592795
153,2024-11-27 00:00:00+00:00,128,308085291040270382,0x88e6a0c2ddd26feeb64f039a2c41296fcb3f5640,6211,21329.0523327902,21328.74424749916,115913.22226801162,0.3080852910425165,-103.73667184463824,1.8776591314167534,347.73966680403487,543.4522849841412,60.94182825484764
73,2024-11-26 00:00:00+00:00,71,-674675580365357785,0x88e6a0c2ddd26feeb64f039a2c41296fcb3f5640,5936,16666.95882805423,16667.63350363459,113992.1159921415,-0.6746755803615088,-318.9898706551368,-21.85794957973217,341.9763479764245,683.9407066888963,51.24653739612188
133,2024-11-25 00:00:00+00:00,110,-19459310929451052946,0x88e6a0c2ddd26feeb64f039a2c41296fcb3f5640,6745,22941.902581592607,22961.361892522065,172168.07214759928,-19.459310929458297,2784.247110149072,37.64900254614081,516.5042164427979,750.4524593602713,84.48753462603878
65,2024-11-24 00:00:00+00:00,63,-345130388651879013,0x88e6a0c2ddd26feeb64f039a2c41296fcb3f5640,5303,18576.008599663663,18576.35373005232,68392.7008247172,-0.34513038865770795,-98.22639974298764,-19.03021759595436,205.17810247415161,368.177590238387,30.47091412742382
77,2024-11-23 00:00:00+00:00,59,-4099907654494519650,0x88e6a0c2ddd26feeb64f039a2c41296fcb3f5640,5989,9808.01657571419,9812.116483368682,102787.46259458212,-4.099907654492199,1087.930066209959,-47.20062427247276,308.3623877837464,1047.9943809342253,48.75346260387812
97,2024-11-22 00:00:00+00:00,71,3470324924086255454,0x88e6a0c2ddd26feeb64f039a2c41296fcb3f5640,5801,16469.282738314734,16465.812413390646,95357.8022593141,3.470324924088345,-184.6439777804744,67.9165467470215,286.07340677794235,579.0039783424828,80.88642659279779
129,2024-11-21 00:00:00+00:00,103,-2701954950835017387,0x88e6a0c2ddd26feeb64f039a2c41296fcb3f5640,6555,16755.617078948526,16758.31903389936,153485.77317373906,-2.7019549508331693,-177.85884635983973,1.7385963018756945,460.4573195212172,916.0257867588534,77.28531855955679
82,2024-11-20 00:00:00+00:00,91,-5443120630228365619,0x88e6a0c2ddd26feeb64f039a2c41296fcb3f5640,5227,40426.040401574,40431.48352220423,107881.7186318042,-5.443120630232443,101.45119845739892,141.26858599773442,323.6451558954126,266.8619472997009,92.24376731301939
61,2024-11-19 00:00:00+00:00,67,4792537251502091020,0x88e6a0c2ddd26feeb64f039a2c41296fcb3f5640,5258,11656.29528072533,11651.50274347383,108632.13400237956,4.792537251500107,-188.04760315031723,-71.16636909047493,325.8964020071387,931.9610681278123,33.51800554016621
64,2024-11-18 00:00:00+00:00,54,-4425501934667156028,0x88e6a0c2ddd26feeb64f039a2c41296fcb3f5640,5718,10023.032946666195,10027.458448600864,153461.21295867694,-4.425501934669228,-192.3415239659119,-14.011847630180341,460.38363887603083,1531.0855883170607,83.65650969529086
57,2024-11-17 00:00:00+00:00,50,3907105110907472381,0x88e6a0c2ddd26feeb64f039a2c41296fcb3f5640,5156,10111.940903441551,10108.033798330644,123314.80635683374,3.9071051109076507,-188.28614626285722,0.8870364614029125,369.9444190705012,1219.4969050389143,79.22437673130193
84,2024-11-16 00:00:00+00:00,61,2203955156825872850,0x88e6a0c2ddd26feeb64f039a2c41296fcb3f5640,5325,11258.432167014167,11256.228211857342,87350.82235527145,2.2039551568250317,-43.591096367688046,11.337994105388937,262.05246706581437,775.8702194005192,67.03601108033241
65,2024-11-15 00:00:00+00:00,52,-16098361512362176277,0x88e6a0c2ddd26feeb64f039a2c41296fcb3f5640,5935,7250.915571033363,7267.013932545726,100864.617501123,-16.098361512362317,-830.4305381400434,-35.59568984855937,302.59385250336896,1391.060432479264,68.42105263157895
72,2024-11-14 00:00:00+00:00,71,16306822973913378431,0x88e6a0c2ddd26feeb64f039a2c41296fcb3f5640,5897,15694.73676079797,15678.429937824058,138810.1708001018,16.30682297391286,-201.2949234702579,116.45179297765891,416.4305124003054,884.4377125637388,94.73684210526315
75,2024-11-13 00:00:00+00:00,62,22766517143451142771,0x88e6a0c2ddd26feeb64f039a2c41296fcb3f5640,6218,7364.526021641583,7341.759504498131,173283.40314473587,22.766517143451892,39.613443893228315,-53.07646038360731,519.8502094342076,2352.9471229447877,89.47368421052632
95,2024-11-12 00:00:00+00:00,81,-2305083022777288921,0x88e6a0c2ddd26feeb64f039a2c41296fcb3f5640,7365,7659.781563451063,7662.086646473841,204554.8229924829,-2.3050830227775805,-110.12488211636959,4.009158782816913,613.6644689774487,2670.504652097704,97.22991689750693
128,2024-11-11 00:00:00+00:00,96,-20402098348199534434,0x88e6a0c2ddd26feeb64f039a2c41296fcb3f5640,6599,13714.620645406458,13735.022743754656,161553.20613974522,-20.402098348198706,785.091692862957,79.04715078098685,484.65961841923564,1177.9633598094124,94.18282548476455
149,2024-11-10 00:00:00+00:00,101,-4532004360338260674,0x88e6a0c2ddd26feeb64f039a2c41296fcb3f5640,6166,16109.328978580368,16113.860982940709,88205.99993569661,-4.532004360340579,-77.78657722850988,17.460988496068897,264.61799980708986,547.5460837194335,63.711911357340725
138,2024-11-09 00:00:00+00:00,105,1423552228849621463,0x88e6a0c2ddd26feeb64f039a2c41296fcb3f5640,4726,14517.965911053589,14516.542358824736,53826.08601116535,1.4235522288527136,-131.41109574629212,-9.878518649924661,161.47825803349608,370.75501031576067,31.57894736842105
76,2024-11-08 00:00:00+00:00,70,246624993883728196,0x88e6a0c2ddd26feeb64f039a2c41296fcb3f5640,4736,10470.631021911233,10470.384396917349,60750.29918405448,0.2466249938843248,-82.67538142361747,-27.878112636018958,182.25089755216345,580.197115693659,31.301939058171747
166,2024-11-07 00:00:00+00:00,117,1510973113227366480,0x88e6a0c2ddd26feeb64f039a2c41296fcb3f5640,5869,15573.88771862892,15572.376745515692,89955.38796248246,1.51097311322701,512.660172608339,48.73876928752834,269.8661638874474,577.6039328630903,75.90027700831024
116,2024-11-06 00:00:00+00:00,91,-768069745262942562,0x88e6a0c2ddd26feeb64f039a2c41296fcb3f5640,7210,17134.341589111365,17135.10965885663,194041.3067364713,-0.7680697452633467,-150.83278706548043,10.019681011414306,582.1239202094139,1132.4701665792738,86.98060941828255
70,2024-11-05 00:00:00+00:00,62,2763968176398132973,0x88e6a0c2ddd26feeb64f039a2c41296fcb3f5640,5494,23026.54974034976,23023.78577217336,75797.4266554966,2.7639681764012494,-459.85900934733115,34.388296279693705,227.3922799664898,329.1740513025087,60.387811634349035
88,2024-11-04 00:00:00+00:00,77,-662970057376852453,0x88e6a0c2ddd26feeb64f039a2c41296fcb3f5640,4661,29852.58297233148,29853.245942388847,64100.46989253664,-0.6629700573685113,-123.98616825725229,29.644185989446605,192.3014096776099,214.72336230317967,50.41551246537396
92,2024-11-03 00:00:00+00:00,85,100583058503951085,0x88e6a0c2ddd26feeb64f039a2c41296fcb3f5640,4792,29747.67369656941,29747.57311351092,65743.89583178684,0.10058305849088356,-115.17158390080573,-0.3514244508064923,197.23168749536052,221.00516666406963,35.45706371191136
57,2024-11-02 00:00:00+00:00,44,-358539468370992014,0x88e6a0c2ddd26feeb64f039a2c41296fcb3f5640,3455,19547.423630554786,19547.78217002315,29694.870407985374,-0.358539468365052,-456.46109170318033,-34.289236093076234,89.08461122395613,151.91193974825921,4.1551246537396125
58,2024-11-01 00:00:00+00:00,49,-3141914593328801303,0x88e6a0c2ddd26feeb64f039a2c41296fcb3f5640,4733,14203.74047309563,14206.882387688958,97054.53696180182,-3.1419145933286927,776.3092687273437,-27.337020256246902,291.16361088540543,683.3026634472806,44.87534626038781
70,2024-10-31 00:00:00+00:00,62,-453771168437032351,0x88e6a0c2ddd26feeb64f039a2c41296fcb3f5640,4574,20417.764991349675,20418.21876251811,93108.37595439992,-0.45377116843519616,-85.55749512100998,43.74921190671215,279.3251278631998,456.01649344992865,71.46814404432132
75,2024-10-30 00:00:00+00:00,51,2556093546492508369,0x88e6a0c2ddd26feeb64f039a2c41296fcb3f5640,4141,16320.26995797685,16317.71386443036,77380.75234934426,2.556093546490956,-663.3001222412385,-20.06828384550805,232.14225704803277,474.1389238572179,37.396121883656505
80,2024-10-29 00:00:00+00:00,66,-147938342783038079,0x88e6a0c2ddd26feeb64f039a2c41296fcb3f5640,4263,17809.428412566685,17809.57635090947,63581.28280872112,-0.14793834278316353,-105.78767326361178,9.12459449766625,190.74384842616334,357.0091152608632,43.76731301939058
49,2024-10-28 00:00:00+00:00,45,672412467076591074,0x88e6a0c2ddd26feeb64f039a2c41296fcb3f5640,3810,10888.086194618556,10887.41378215148,59081.569094073646,0.6724124670763558,-554.5221032129077,-38.86335966326855,177.24470728222093,542.6258392707688,19.113573407202217
45,2024-10-27 00:00:00+00:00,43,-974208885254920259,0x88e6a0c2ddd26feeb64f039a2c41296fcb3f5640,2832,11476.235885244896,11477.21009413015,24131.33586406033,-0.9742088852544839,-244.88263275223562,5.401772911359148,72.39400759218098,210.272219091333,24.653739612188367
46,2024-10-26 00:00:00+00:00,40,1828339411843157234,0x88e6a0c2ddd26feeb64f039a2c41296fcb3f5640,3790,14428.460114160029,14426.631774748184,33297.58145479499,1.828339411844354,-287.67426981193597,25.724673651147544,99.89274436438498,230.77709742647374,41.55124653739612
72,2024-10-25 00:00:00+00:00,64,-4652232404598572532,0x88e6a0c2ddd26feeb64f039a2c41296fcb3f5640,5077,11651.715158394829,11656.367390799429,92024.09926110852,-4.652232404599999,-354.45124545595274,-19.244915491987356,276.07229778332555,789.7901554416818,51.52354570637119
52,2024-10-24 00:00:00+00:00,44,71736930118890814,0x88e6a0c2ddd26feeb64f039a2c41296fcb3f5640,3901,14729.177895162564,14729.106158232446,47933.96064743768,0.07173693011827709,-101.54198939088566,26.41210066442865,143.80188194231303,325.4354111859862,48.199445983379505
57,2024-10-23 00:00:00+00:00,57,2535914414408545489,0x88e6a0c2ddd26feeb64f039a2c41296fcb3f5640,3953,10444.157801672249,10441.62188725784,56935.51066991298,2.53591441440949,3435.019424762632,-29.092052007177028,170.80653200973896,545.1421909844837,28.80886426592798
47,2024-10-22 00:00:00+00:00,38,-79463210060154881,0x88e6a0c2ddd26feeb64f039a2c41296fcb3f5640,3578,15588.276744703167,15588.356207913228,42020.997861040094,-0.07946321006056678,-103.13351308739142,49.253554386235685,126.06299358312029,269.56794871709377,56.50969529085873
93,2024-10-21 00:00:00+00:00,59,-622084299184270669,0x88e6a0c2ddd26feeb64f039a2c41296fcb3f5640,3948,13324.989514081812,13325.611598380996,40880.59262927189,-0.6220842991842801,682.8582544175198,-14.519162494278993,122.64177788781566,306.79643376881756,18.559556786703602
85,2024-10-20 00:00:00+00:00,67,-307231491221592165,0x88e6a0c2ddd26feeb64f039a2c41296fcb3f5640,3156,13362.234247166703,13362.541478657928,29988.414743470115,-0.3072314912242291,-50.612563019659504,0.27951041196341286,89.96524423041035,224.4266504295776,24.099722991689752
49,2024-10-19 00:00:00+00:00,43,13544733956321418,0x88e6a0c2ddd26feeb64f039a2c41296fcb3f5640,2694,11863.823734652946,11863.810189918988,14159.959144260136,0.013544733958042343,-104.40864115331097,-11.213772223993734,42.479877432780405,119.35409241541939,7.756232686980609
41,2024-10-18 00:00:00+00:00,38,202727197908935632,0x88e6a0c2ddd26feeb64f039a2c41296fcb3f5640,3222,3583.448982820836,3583.2462556229266,40524.86270178481,0.20272719790955307,1396.7233652395323,-69.7951599503795,121.57458810535444,1130.8899023276804,23.545706371191137
45,2024-10-17 00:00:00+00:00,29,-1476423280639097867,0x88e6a0c2ddd26feeb64f039a2c41296fcb3f5640,3610,5583.911543344752,5585.387966625392,49449.945319051294,-1.4764232806401196,-828.2808107962047,55.825060440770734,148.34983595715389,885.5789518727024,78.67036011080333
59,2024-10-16 00:00:00+00:00,41,1401636727542132650,0x88e6a0c2ddd26feeb64f039a2c41296fcb3f5640,4213,7531.093982614561,7529.69234588702,54152.54880244704,1.4016367275416997,-194.93461298808597,34.87129808835494,162.45764640734112,719.0528882982677,69.25207756232687
45,2024-10-15 00:00:00+00:00,38,100234800920161202,0x88e6a0c2ddd26feeb64f039a2c41296fcb3f5640,4587,9165.884070989,9165.78383618808,82545.34199306705,0.1002348009187699,-92.84873184690518,21.70720604666907,247.63602597920115,900.5715253843528,73.9612188365651
86,2024-10-14 00:00:00+00:00,66,3012240840971884963,0x88e6a0c2ddd26feeb64f039a2c41296fcb3f5640,4660,25803.58496870121,25800.572727860243,86433.05047115932,3.0122408409661148,2905.184639821083,181.51768851596438,259.299151413478,334.9652793439338,95.01385041551247
46,2024-10-13 00:00:00+00:00,35,124827788718075216,0x88e6a0c2ddd26feeb64f039a2c41296fcb3f5640,3641,23823.120735816105,23822.995908027384,23878.653006930857,0.12482778872072231,-95.85598246252161,-7.675151477158437,71.63595902079257,100.2331024206718,9.97229916897507
53,2024-10-12 00:00:00+00:00,42,371478727721032268,0x88e6a0c2ddd26feeb64f039a2c41296fcb3f5640,4464,17146.47707017955,17146.105591451833,41380.66607707728,0.37147872771674884,197.59297310622043,-28.025898620405222,124.14199823123184,241.336257633032,9.141274238227147
30,2024-10-11 00:00:00+00:00,34,1210852971781655,0x88e6a0c2ddd26feeb64f039a2c41296fcb3f5640,4363,5009.859973042261,5009.858762189289,47400.897825769214,0.001210852971780696,-99.67404513867508,-70.78198657055212,142.20269347730763,946.1521495776417,13.573407202216067
45,2024-10-10 00:00:00+00:00,39,14486129471668950,0x88e6a0c2ddd26feeb64f039a2c41296fcb3f5640,4405,8658.209089584208,8658.194603454738,53739.16757165837,0.014486129470242304,1096.3574280152952,72.82337502791461,161.21750271497513,620.6730169672892,78.94736842105263
43,2024-10-09 00:00:00+00:00,36,30575532495685299,0x88e6a0c2ddd26feeb64f039a2c41296fcb3f5640,3958,11515.501359665865,11515.47078413337,53827.95543559793,0.030575532495277002,111.06764617895948,33.000961752228505,161.48386630679377,467.4390958272598,59.2797783933518
34,2024-10-08 00:00:00+00:00,30,-38346706256333276,0x88e6a0c2ddd26feeb64f039a2c41296fcb3f5640,3702,5241.283489229298,5241.321835935553,48774.08834725005,-0.03834670625565195,-225.41631535468883,-54.48497355410517,146.32226504175014,930.5752769809064,26.59279778393352
60,2024-10-07 00:00:00+00:00,44,77599265884310887,0x88e6a0c2ddd26feeb64f039a2c41296fcb3f5640,4121,9792.152838698152,9792.07523943227,61204.311120906576,0.07759926588187227,-302.36227164995387,86.82738414780984,183.61293336271973,625.0342711056334,82.82548476454294
46,2024-10-06 00:00:00+00:00,42,135784102055288667,0x88e6a0c2ddd26feeb64f039a2c41296fcb3f5640,3166,11948.26132464002,11948.125540537969,24208.26118282581,0.13578410205082037,74.98116832383653,22.018738079955448,72.62478354847742,202.60907026617247,36.84210526315789
52,2024-10-05 00:00:00+00:00,41,-1481018477960665302,0x88e6a0c2ddd26feeb64f039a2c41296fcb3f5640,3011,10011.753884708023,10013.234903185985,25222.996719661896,-1.4810184779616975,-1190.7156696498917,-16.20744129473031,75.6689901589857,251.93384705738282,11.911357340720222
75,2024-10-04 00:00:00+00:00,64,1562030938520802127,0x88e6a0c2ddd26feeb64f039a2c41296fcb3f5640,4585,24127.72506768892,24126.163036750397,69385.88389183229,1.562030938523094,-205.47005062846299,140.99398912054423,208.15765167549688,287.57739777444516,90.02770083102493
79,2024-10-03 00:00:00+00:00,73,-1009099642705234294,0x88e6a0c2ddd26feeb64f039a2c41296fcb3f5640,5055,10238.68518750734,10239.694287150049,82004.39344234236,-1.0090996427079517,-164.60177054252583,-57.564647480094756,246.0131803270271,800.9269934620066,29.362880886426595
101,2024-10-02 00:00:00+00:00,82,-2525406186525152563,0x88e6a0c2ddd26feeb64f039a2c41296fcb3f5640,5084,25264.362566109405,25266.887972295932,99073.11779031032,-2.525406186527107,150.26331193122786,146.75397381038277,297.219353370931,392.14572515362346,92.797783933518
97,2024-10-01 00:00:00+00:00,81,-500043717647868815,0x88e6a0c2ddd26feeb64f039a2c41296fcb3f5640,5805,25013.340847042837,25013.84089076048,109054.90508191584,-0.5000437176422565,-80.19947364071727,-0.9935802591880871,327.1647152457475,435.986962912268,52.07756232686981
69,2024-09-30 00:00:00+00:00,57,-61172813919008972,0x88e6a0c2ddd26feeb64f039a2c41296fcb3f5640,4132,8240.531862158803,8240.593034972724,76821.30462612027,-0.06117281392107543,-87.76650685473865,-67.05545287792683,230.4639138783608,932.2372137032804,26.31578947368421
55,2024-09-29 00:00:00+00:00,42,-14288074375556529,0x88e6a0c2ddd26feeb64f039a2c41296fcb3f5640,3367,5867.182072062108,5867.196360136484,27886.617968150706,-0.014288074376054283,-76.64309770923957,-28.800929719055045,83.65985390445212,475.29832252759013,14.127423822714682
63,2024-09-28 00:00:00+00:00,42,-9698906263294642480,0x88e6a0c2ddd26feeb64f039a2c41296fcb3f5640,3151,8568.8232886913,8578.522194954594,28782.54759514692,-9.698906263294703,67781.1294512109,46.04665721034389,86.34764278544075,335.8984848378502,54.29362880886427
65,2024-09-27 00:00:00+00:00,47,5920721078154019357,0x88e6a0c2ddd26feeb64f039a2c41296fcb3f5640,3785,7217.267600236593,7211.34687915844,42437.11097271836,5.920721078153292,-161.04524487013686,-15.77294387945216,127.31133291815507,587.9941457529883,35.73407202216066
34,2024-09-26 00:00:00+00:00,29,-4634727490143669300,0x88e6a0c2ddd26feeb64f039a2c41296fcb3f5640,3764,8214.783802945169,8219.41853043531,63300.48232507442,-4.634727490141813,-178.2797809416047,13.821244520237475,189.90144697522328,770.5678426056679,64.54293628808865
34,2024-09-25 00:00:00+00:00,28,-160312004142152146,0x88e6a0c2ddd26feeb64f039a2c41296fcb3f5640,3465,14698.564270066216,14698.72458207036,63364.97070935703,-0.1603120041436341,-96.54106946989609,78.92819364030589,190.0949121280711,431.0963271317626,78.1163434903047
41,2024-09-24 00:00:00+00:00,33,12295904041952304973,0x88e6a0c2ddd26feeb64f039a2c41296fcb3f5640,3473,8470.29585372738,8457.999949685427,53370.68043835343,12.29590404195369,-7769.983360033962,-42.37331144663408,160.1120413150603,630.0922820171328,20.498614958448755
60,2024-09-23 00:00:00+00:00,44,-1216636019485188167,0x88e6a0c2ddd26feeb64f039a2c41296fcb3f5640,3985,9854.246585044746,9855.463221064232,58576.775010575744,-1.2166360194860317,-109.89464471530408,16.33887121792037,175.73032503172723,594.4317965360693,54.84764542936288
50,2024-09-22 00:00:00+00:00,49,-796412550637530543,0x88e6a0c2ddd26feeb64f039a2c41296fcb3f5640,3127,3010.232536817868,3011.028949368505,34115.17779903514,-0.7964125506368873,-34.53978528653688,-69.45243341701705,102.34553339710543,1133.3070579025255,20.221606648199447
66,2024-09-21 00:00:00+00:00,48,1937192122400755673,0x88e6a0c2ddd26feeb64f039a2c41296fcb3f5640,2956,6228.020942015141,6226.083749892739,23275.401559876987,1.9371921224019388,-343.2397782848569,106.89501112757269,69.82620467963096,373.7206694803757,79.77839335180056
83,2024-09-20 00:00:00+00:00,58,-183589957119823910,0x88e6a0c2ddd26feeb64f039a2c41296fcb3f5640,4091,9312.67764911949,9312.861239076612,57839.65310923156,-0.18358995712151227,-109.47711664725736,49.528682318564535,173.5189593276947,621.085098061998,72.02216066481995
56,2024-09-19 00:00:00+00:00,60,713608944982236212,0x88e6a0c2ddd26feeb64f039a2c41296fcb3f5640,4283,4847.516372265411,4846.802763320428,51729.85180766064,0.7136089449822975,-488.69715760649296,-47.94712589752592,155.18955542298193,1067.1413531190512,38.227146814404435
84,2024-09-18 00:00:00+00:00,72,-1004658536002395829,0x88e6a0c2ddd26feeb64f039a2c41296fcb3f5640,4422,12152.770893333673,12153.775551869678,72070.72573959411,-1.0046585360050813,-240.78558614900825,150.7009767489298,216.21217721878233,593.0394506089806,93.35180055401662
83,2024-09-17 00:00:00+00:00,80,324770635411833219,0x88e6a0c2ddd26feeb64f039a2c41296fcb3f5640,4249,19712.88181394288,19712.557043307464,54566.443501959046,0.32477063541591633,-132.32646951941825,62.20894795898984,163.69933050587713,276.80601962197284,67.31301939058172
102,2024-09-16 00:00:00+00:00,85,-47647792791268165,0x88e6a0c2ddd26feeb64f039a2c41296fcb3f5640,4824,31095.027806363505,31095.07545415629,62764.39372753029,-0.04764779278411879,-114.67121333894575,57.73963492425575,188.29318118259087,201.84704165045235,66.20498614958449
76,2024-09-15 00:00:00+00:00,66,-21045778187296608605,0x88e6a0c2ddd26feeb64f039a2c41296fcb3f5640,3836,24714.377382372524,24735.42316055982,36174.3533694553,-21.0457781872974,44069.4713596724,-20.51984151204136,108.5230601083659,146.36967304406613,8.587257617728532
85,2024-09-14 00:00:00+00:00,62,205855376043080,0x88e6a0c2ddd26feeb64f039a2c41296fcb3f5640,3630,29869.56396952111,29869.56376366573,31054.05155880489,0.00020585538004525006,-100.00097813147232,20.85905911117758,93.16215467641467,103.96553357957427,32.96398891966759
132,2024-09-13 00:00:00+00:00,112,-2219033415390422862,0x88e6a0c2ddd26feeb64f039a2c41296fcb3f5640,4528,28026.06634331724,28028.285376732638,40864.76926444226,-2.2190334153965523,-1078057.4548446469,-6.17182637177085,122.59430779332678,145.80986415950014,16.343490304709142
93,2024-09-12 00:00:00+00:00,93,61884302339788695,0x88e6a0c2ddd26feeb64f039a2c41296fcb3f5640,4357,27223.214683451515,27223.15279914917,61333.77009341586,0.061884302343969466,-102.78879542392608,-2.8646605272065417,184.00131028024757,225.2995129583264,31.855955678670362
91,2024-09-11 00:00:00+00:00,80,19684849783654786305,0x88e6a0c2ddd26feeb64f039a2c41296fcb3f5640,5449,25942.35163074108,25922.666780957425,67391.41513816701,19.6848497836545,31709.11642865561,-4.705039678833556,202.17424541450103,259.7737325335987,34.62603878116344
91,2024-09-10 00:00:00+00:00,82,221650184450264226,0x88e6a0c2ddd26feeb64f039a2c41296fcb3f5640,4773,25030.601914827705,25030.38026464325,51327.97688889312,0.22165018445593887,-98.87400621852859,-3.5145222333389903,153.98393066667936,205.06089731101233,28.53185595567867
100,2024-09-09 00:00:00+00:00,90,-329821103003232116,0x88e6a0c2ddd26feeb64f039a2c41296fcb3f5640,5379,34992.82964121981,34993.159462322816,63518.51681740706,-0.32982110300508793,-248.80253937738183,39.80019242162391,190.55555045222118,181.51866387674295,53.46260387811634
88,2024-09-08 00:00:00+00:00,81,425267578586519489,0x88e6a0c2ddd26feeb64f039a2c41296fcb3f5640,4514,28563.72196859505,28563.296701016472,46854.151175605686,0.4252675785792235,-228.93886252410692,-18.37264302013345,140.56245352681705,164.03377412481612,12.18836565096953
150,2024-09-07 00:00:00+00:00,136,4036216851769460639,0x88e6a0c2ddd26feeb64f039a2c41296fcb3f5640,5185,40041.683221069856,40037.647004218095,44837.78278997744,4.0362168517604005,849.1005322448981,40.183703178088884,134.51334836993232,111.97776712439473,46.81440443213297
204,2024-09-06 00:00:00+00:00,159,-8893414659674769544,0x88e6a0c2ddd26feeb64f039a2c41296fcb3f5640,8457,52180.624558006086,52189.517972665766,194183.54888975463,-8.893414659680275,-320.3403579716338,30.315761877234838,582.5506466692639,372.1372646160882,79.50138504155125
104,2024-09-05 00:00:00+00:00,116,7733852379919146484,0x88e6a0c2ddd26feeb64f039a2c41296fcb3f5640,5083,28201.29234355801,28193.558491178093,65777.50170680656,7.733852379915334,-186.96156286266506,-45.954475281896414,197.3325051204197,233.24286314783743,6.3711911357340725
145,2024-09-04 00:00:00+00:00,133,-258968274365914970,0x88e6a0c2ddd26feeb64f039a2c41296fcb3f5640,7202,44758.468797628906,44758.72776590328,85915.80781395813,-0.258968274371,-103.34850294070179,58.71070109967154,257.7474234418744,191.95430523420754,69.52908587257618
131,2024-09-03 00:00:00+00:00,125,-22934369338540636174,0x88e6a0c2ddd26feeb64f039a2c41296fcb3f5640,5200,45236.95467282474,45259.88904216328,53965.01910244089,-22.934369338545366,8756.053659178888,1.0690398667551726,161.89505730732267,119.29410256004562,27.977839335180054
97,2024-09-02 00:00:00+00:00,96,20150199724451704167,0x88e6a0c2ddd26feeb64f039a2c41296fcb3f5640,4382,31523.99258452185,31503.84238479739,52117.4515689396,20.150199724459526,-187.86027392780085,-30.313627845821145,156.3523547068188,165.32630322508405,8.033240997229916
147,2024-09-01 00:00:00+00:00,140,-2866590073371476286,0x88e6a0c2ddd26feeb64f039a2c41296fcb3f5640,5345,78966.6013800513,78969.46797012466,51144.73718350088,-2.8665900733612943,-114.22611245823859,150.49682767284872,153.43421155050265,64.7675552571282,87.53462603878116
96,2024-08-31 00:00:00+00:00,100,1908792782737530050,0x88e6a0c2ddd26feeb64f039a2c41296fcb3f5640,3728,30102.93901750789,30101.03022472516,17136.99261238086,1.9087927827313251,-166.58757387285308,-61.87889754476308,51.410977837142575,56.92797172533211,0.2770083102493075
171,2024-08-30 00:00:00+00:00,159,199793628783761676,0x88e6a0c2ddd26feeb64f039a2c41296fcb3f5640,5780,67070.69520204703,67070.49540841824,62424.99356544624,0.19979362879530527,-89.53298490004677,122.80447488213251,187.27498069633873,93.07342555104601,82.54847645429363
160,2024-08-29 00:00:00+00:00,160,-5637190273137395951,0x88e6a0c2ddd26feeb64f039a2c41296fcb3f5640,5126,74242.4284280818,74248.06561835494,52900.50032169,-5.637190273148008,-2921.506525077175,10.69279691291447,158.70150096507,71.253731110014,31.024930747922436
214,2024-08-28 00:00:00+00:00,197,-7720928580470368377,0x88e6a0c2ddd26feeb64f039a2c41296fcb3f5640,6980,76066.51922033945,76074.24014891991,97033.32426558828,-7.72092858045653,36.96412940386502,2.4569384796250926,291.09997279676486,127.56377610038254,40.16620498614959
213,2024-08-27 00:00:00+00:00,196,-3257909974224386503,0x88e6a0c2ddd26feeb64f039a2c41296fcb3f5640,6431,101176.7096343356,101179.96754430984,96251.9668540336,-3.2579099742433755,-57.804169015500214,33.010831403051654,288.7559005621008,95.132533170825,53.73961218836565
167,2024-08-26 00:00:00+00:00,165,9137025125196785945,0x88e6a0c2ddd26feeb64f039a2c41296fcb3f5640,4503,61311.45423546865,61302.31721034345,35194.84062119114,9.137025125201035,-380.4566485089275,-39.40161282467538,105.58452186357343,57.40336950094872,1.662049861495845
109,2024-08-25 00:00:00+00:00,116,-481303837628020806,0x88e6a0c2ddd26feeb64f039a2c41296fcb3f5640,4179,46278.34298215556,46278.82428599319,24837.87505788569,-0.4813038376305485,-105.26762081788583,-24.51925409496557,74.51362517365706,53.670623141072504,4.7091412742382275
176,2024-08-24 00:00:00+00:00,156,6827860932255594482,0x88e6a0c2ddd26feeb64f039a2c41296fcb3f5640,5334,62506.29039480095,62499.46253386869,35456.61813485954,6.827860932258773,-1518.6175962926513,35.06596469735901,106.36985440457863,56.72487986554502,40.443213296398895
179,2024-08-23 00:00:00+00:00,156,-2422655332759011475,0x88e6a0c2ddd26feeb64f039a2c41296fcb3f5640,5800,52889.375215420056,52891.79787075282,63929.31901289837,-2.422655332760769,-135.48190797669503,-15.385515791512706,191.7879570386951,120.87365137612665,15.789473684210526
115,2024-08-22 00:00:00+00:00,122,2689897686318267843,0x88e6a0c2ddd26feeb64f039a2c41296fcb3f5640,4753,52432.06431782798,52429.37442014165,37198.23190044992,2.6898976863303687,-211.0309687868418,-0.864655511110568,111.59469570134976,70.9455795502634,14.958448753462603
150,2024-08-21 00:00:00+00:00,134,-151365595009891348,0x88e6a0c2ddd26feeb64f039a2c41296fcb3f5640,5865,80860.2399802608,80860.39134585581,61129.501687239695,-0.15136559501115698,-105.62718782132023,54.2190661998533,183.3885050617191,75.59896149474986,55.95567867036011
156,2024-08-20 00:00:00+00:00,154,-3735793033596240453,0x88e6a0c2ddd26feeb64f039a2c41296fcb3f5640,6783,75829.62217991095,75833.35797294455,59303.9735801108,-3.7357930336002028,2368.059556945448,-6.2213738192935075,177.91192074033242,78.20686939387366,18.83656509695291
144,2024-08-19 00:00:00+00:00,124,1724763170822739579,0x88e6a0c2ddd26feeb64f039a2c41296fcb3f5640,4735,67321.26590187753,67319.54113870671,50390.88840920925,1.7247631708160043,-146.1685954040618,-11.220359581703788,151.17266522762776,74.85136789117314,13.29639889196676
129,2024-08-18 00:00:00+00:00,125,-6108233861570237657,0x88e6a0c2ddd26feeb64f039a2c41296fcb3f5640,3718,46509.92445949172,46516.03269335328,29158.87824096973,-6.108233861559711,-454.14913565610516,-30.91347312559285,87.4766347229092,62.69388432648595,2.7700831024930745
91,2024-08-17 00:00:00+00:00,103,2457184121166967337,0x88e6a0c2ddd26feeb64f039a2c41296fcb3f5640,3868,39895.42237867359,39892.96519455241,19856.158472127856,2.4571841211800347,-140.22740741220744,-14.221700331031705,59.56847541638357,49.770518240564165,6.094182825484765
146,2024-08-16 00:00:00+00:00,122,3616342249459298584,0x88e6a0c2ddd26feeb64f039a2c41296fcb3f5640,5282,60236.24651113634,60232.63016888688,61471.11305055925,3.616342249464651,47.174247883709405,50.98535851906685,184.41333915167775,102.05003898972127,55.67867036011081
99,2024-08-15 00:00:00+00:00,93,-7983685137286937617,0x88e6a0c2ddd26feeb64f039a2c41296fcb3f5640,5589,55608.48390095024,55616.46758608753,92028.47777547364,-7.983685137289285,-320.7668574087853,-7.682687548153478,276.0854333264209,165.49359255935596,36.011080332409975
111,2024-08-14 00:00:00+00:00,111,3646166190808970199,0x88e6a0c2ddd26feeb64f039a2c41296fcb3f5640,5225,46839.54768003133,46835.90151384052,64509.69875102862,3.646166190810618,-145.67021529669952,-15.769061851314136,193.52909625308587,137.72485420163534,16.897506925207757
183,2024-08-13 00:00:00+00:00,178,4473670617404203219,0x88e6a0c2ddd26feeb64f039a2c41296fcb3f5640,5424,65196.77099433265,65192.297323715255,65613.2881102647,4.473670617393509,22.6951922451708,39.191717733276434,196.8398643307941,100.63886157179202,50.96952908587258
159,2024-08-12 00:00:00+00:00,145,2864076949228890646,0x88e6a0c2ddd26feeb64f039a2c41296fcb3f5640,6437,39280.074833981394,39277.21075703217,68371.02025993467,2.864076949226728,-35.97926190427888,-39.75150266660309,205.11306077980402,174.06031059998529,7.202216066481995
177,2024-08-11 00:00:00+00:00,177,-10085177285096994720,0x88e6a0c2ddd26feeb64f039a2c41296fcb3f5640,5888,45023.616450220376,45033.70162750548,43537.78744278535,-10.085177285101963,-452.1266175416432,14.622023100806869,130.61336232835606,96.69988969216232,32.13296398891966
137,2024-08-10 00:00:00+00:00,137,9333628051549274888,0x88e6a0c2ddd26feeb64f039a2c41296fcb3f5640,4532,31886.03278623161,31876.69915818006,28920.609506610286,9.333628051550477,-192.54798193124785,-29.17931676704406,86.76182851983086,90.69993028138077,4.43213296398892
147,2024-08-09 00:00:00+00:00,135,-719226470734473312,0x88e6a0c2ddd26feeb64f039a2c41296fcb3f5640,9176,27996.790672621148,27997.50989909188,50280.55919980102,-0.7192264707337017,-107.7057545764771,-12.197322067892491,150.84167759940306,179.5940105698322,17.174515235457065
169,2024-08-08 00:00:00+00:00,161,-206448853547721021,0x88e6a0c2ddd26feeb64f039a2c41296fcb3f5640,9123,25371.352230277334,25371.55867913089,77191.40983568941,-0.20644885355432052,-71.29570977223396,-9.377640719767577,231.57422950706822,304.2463371091893,36.56509695290859
183,2024-08-07 00:00:00+00:00,193,-5698945596501070901,0x88e6a0c2ddd26feeb64f039a2c41296fcb3f5640,11475,39154.968146750434,39160.66709234693,114391.0891128764,-5.698945596494013,2660.4636685446717,54.327478454318204,343.1732673386292,292.1496160695255,75.34626038781164
190,2024-08-06 00:00:00+00:00,198,-995562416898521837,0x88e6a0c2ddd26feeb64f039a2c41296fcb3f5640,10699,46153.91317660656,46154.908739023456,131296.57400674347,-0.995562416894245,-82.53076117261561,17.874985885889384,393.8897220202304,284.4754972440605,63.988919667590025
371,2024-08-05 00:00:00+00:00,341,3178508634156270073,0x88e6a0c2ddd26feeb64f039a2c41296fcb3f5640,18212,34694.44885440261,34691.27034576845,586738.6497941425,3.1785086341624265,-419.26764010217437,-24.828803309384963,1760.2159493824274,1691.160024638026,98.06094182825484
227,2024-08-04 00:00:00+00:00,199,-1014139955710597532,0x88e6a0c2ddd26feeb64f039a2c41296fcb3f5640,8351,42080.435313793634,42081.44945374935,75484.18626357288,-1.0141399557178374,-131.90615702024274,21.2886692346282,226.45255879071863,179.3807162418535,46.26038781163435
153,2024-08-03 00:00:00+00:00,142,566883709965095303,0x88e6a0c2ddd26feeb64f039a2c41296fcb3f5640,8235,39764.53025568158,39763.96337197161,157841.77078929837,0.5668837099728989,-155.89797609065135,-5.503519725597794,473.52531236789514,396.94111755977764,61.495844875346265
129,2024-08-02 00:00:00+00:00,126,3892097370795005492,0x88e6a0c2ddd26feeb64f039a2c41296fcb3f5640,6953,30096.417524972647,30092.52542760185,73771.3266825767,3.8920973707972735,586.5777411355397,-24.31340862961042,221.31398004773013,245.11663762427736,19.390581717451525
95,2024-08-01 00:00:00+00:00,89,-511655416515581258,0x88e6a0c2ddd26feeb64f039a2c41296fcb3f5640,5840,11091.05628133709,11091.567936753609,69683.65960868562,-0.5116554165178968,-113.14600760908218,-63.14825087692171,209.05097882605685,628.2869533891217,10.80332409972299
90,2024-07-31 00:00:00+00:00,70,3591867377138601338,0x88e6a0c2ddd26feeb64f039a2c41296fcb3f5640,5986,20215.22339568358,20211.631528306447,98110.432424094,3.5918673771338945,-802.0090594522724,82.26598876519739,294.33129727228203,485.3294495129985,83.37950138504155
74,2024-07-30 00:00:00+00:00,76,12294651240990713575,0x88e6a0c2ddd26feeb64f039a2c41296fcb3f5640,6098,18760.03037744665,18747.735726205658,87376.59177755399,12.294651240990788,242.29134737155076,-7.198500801864249,262.12977533266195,465.75932991344365,45.42936288088642
160,2024-07-29 00:00:00+00:00,131,-15062745394626437723,0x88e6a0c2ddd26feeb64f039a2c41296fcb3f5640,7485,39162.32492984664,39177.38767524127,90103.26711998982,-15.062745394629019,-222.51462119079318,108.75405925209844,270.30980135996947,230.07639940017896,84.21052631578947
79,2024-07-28 00:00:00+00:00,80,385367624550326436,0x88e6a0c2ddd26feeb64f039a2c41296fcb3f5640,4601,27069.054226929715,27068.66885930517,27520.399807723345,0.38536762454532436,-102.55841557730065,-30.87985895776153,82.56119942317004,101.66738585326934,3.32409972299169
80,2024-07-27 00:00:00+00:00,74,-7785755580108454039,0x88e6a0c2ddd26feeb64f039a2c41296fcb3f5640,5232,18593.00290193756,18600.788657517667,67307.41864223107,-7.785755580105615,-2120.345011932861,-31.312698456083233,201.92225592669323,362.004023756792,18.005540166204987
119,2024-07-26 00:00:00+00:00,109,17999159801583097063,0x88e6a0c2ddd26feeb64f039a2c41296fcb3f5640,6281,29408.98491612852,29390.985756326936,56175.52824489879,17.999159801584028,-331.18064285984,58.17232467093216,168.52658473469637,191.01484939077557,64.81994459833795
181,2024-07-25 00:00:00+00:00,150,-12221133809047948716,0x88e6a0c2ddd26feeb64f039a2c41296fcb3f5640,7871,29200.00103629481,29212.222170103865,92617.9116817234,-12.221133809056482,-167.8983571665437,-0.7106123534345477,277.8537350451702,317.18461779025915,44.04432132963989
88,2024-07-24 00:00:00+00:00,83,9843811421087981864,0x88e6a0c2ddd26feeb64f039a2c41296fcb3f5640,5194,17151.90253702685,17142.058725605762,99324.59942951651,9.843811421087594,-180.54744817369425,-41.26060983454247,297.9737982885496,579.0879420816349,34.34903047091413
111,2024-07-23 00:00:00+00:00,104,-20193262938029272190,0x88e6a0c2ddd26feeb64f039a2c41296fcb3f5640,6676,27149.949852905207,27170.14311584324,171674.46561799917,-20.193262938031694,-305.13662924071576,58.29118544893179,515.0233968539975,632.3196416498315,87.81163434903047
78,2024-07-22 00:00:00+00:00,70,32970882884408265706,0x88e6a0c2ddd26feeb64f039a2c41296fcb3f5640,5799,19505.532679892203,19472.561797007795,108687.94732171023,32.97088288440864,-263.27664818503285,-28.156284687188858,326.06384196513073,557.2159915107271,42.38227146814405
58,2024-07-21 00:00:00+00:00,47,-56010347905990260853,0x88e6a0c2ddd26feeb64f039a2c41296fcb3f5640,5782,10556.937217886763,10612.947565792756,99394.48635932936,-56.0103479059926,-269.87821679618696,-45.87721652549555,298.18345907798806,941.5087378839755,45.70637119113574
79,2024-07-20 00:00:00+00:00,68,51466340195175722403,0x88e6a0c2ddd26feeb64f039a2c41296fcb3f5640,5426,22013.653683929755,21962.18734373458,61571.90309724681,51.4663401951766,-191.88719963239177,108.52310882963026,184.71570929174044,279.6986996401923,81.7174515235457
77,2024-07-19 00:00:00+00:00,80,-11934975870660001216,0x88e6a0c2ddd26feeb64f039a2c41296fcb3f5640,5591,19030.635756494503,19042.57073236517,115688.42349079,-11.934975870666676,-123.18986705758654,-13.550762496154345,347.06527047237,607.906246386485,52.35457063711911
28,2024-07-18 00:00:00+00:00,30,15342713585860288684,0x88e6a0c2ddd26feeb64f039a2c41296fcb3f5640,5368,6248.83230889674,6233.48959531088,92028.5981055469,15.34271358586011,-228.55253125034665,-67.16435336762605,276.0857943166407,1472.732721192113,51.8005540166205
71,2024-07-17 00:00:00+00:00,54,-995727490939340872,0x88e6a0c2ddd26feeb64f039a2c41296fcb3f5640,5589,11239.141475997045,11240.137203487982,108690.60374068467,-0.9957274909374974,-106.48990470535253,79.85986693858595,326.071811222054,967.0721199907534,90.58171745152355
138,2024-07-16 00:00:00+00:00,114,-14587067524645711995,0x88e6a0c2ddd26feeb64f039a2c41296fcb3f5640,6815,29415.83837769281,29430.42544521745,130156.3248682386,-14.587067524640588,1364.9658322586406,161.72673811887645,390.4689746047158,442.4702202842577,95.56786703601108
142,2024-07-15 00:00:00+00:00,125,2723974087450695492,0x88e6a0c2ddd26feeb64f039a2c41296fcb3f5640,6968,25126.66574533332,25123.941771245867,114866.17353391244,2.7239740874538256,-118.67389784034705,-14.581167387743532,344.59852060173733,457.1484919571794,47.091412742382275
85,2024-07-14 00:00:00+00:00,75,15162126168095241607,0x88e6a0c2ddd26feeb64f039a2c41296fcb3f5640,5076,17627.758614032125,17612.596487864033,24410.596293820625,15.162126168092072,456.6178561656045,-29.844417907672206,73.23178888146188,138.4781629264494,4.986149584487535
69,2024-07-13 00:00:00+00:00,67,-346621905215140741,0x88e6a0c2ddd26feeb64f039a2c41296fcb3f5640,4929,18576.72185443966,18577.06847634488,19456.90402515453,-0.3466219052206725,-102.28610355419757,5.383346012306611,58.370712075463594,104.73809199282658,16.06648199445983
79,2024-07-12 00:00:00+00:00,84,458449828679586466,0x88e6a0c2ddd26feeb64f039a2c41296fcb3f5640,5976,16738.614795134432,16738.15634530575,43671.10956815215,0.4584498286822054,-232.26222052825517,-9.89467933959477,131.01332870445646,260.9003797664693,23.26869806094183
86,2024-07-11 00:00:00+00:00,76,-704100055867613777,0x88e6a0c2ddd26feeb64f039a2c41296fcb3f5640,6117,16753.51147428145,16754.21557433732,44972.61851026647,-0.7041000558674568,-253.58279397581248,0.08899588962014704,134.91785553079941,268.436969642481,30.747922437673132
65,2024-07-10 00:00:00+00:00,61,-35306826427189887194,0x88e6a0c2ddd26feeb64f039a2c41296fcb3f5640,5632,12895.543490640855,12930.850317068043,36156.34585857323,-35.30682642718784,4914.461529006635,-23.02781712098396,108.4690375757197,280.3786120748945,11.634349030470915
79,2024-07-09 00:00:00+00:00,53,-3364767512502897001,0x88e6a0c2ddd26feeb64f039a2c41296fcb3f5640,6691,15166.406675464075,15169.771442976577,46085.68574505224,-3.364767512501203,-90.46992365785054,17.60967412091887,138.2570572351567,303.8668732232321,42.65927977839335
156,2024-07-08 00:00:00+00:00,131,489715843611233897,0x88e6a0c2ddd26feeb64f039a2c41296fcb3f5640,8419,24886.60095876193,24886.11124291832,70485.4676216973,0.48971584361061105,-114.55422527087407,64.09029173022903,211.45640286509192,283.2265753707968,70.91412742382272
96,2024-07-07 00:00:00+00:00,81,-23612545216162711641,0x88e6a0c2ddd26feeb64f039a2c41296fcb3f5640,6131,16872.58909819142,16896.201643407585,23449.51145280864,-23.612545216165017,-4921.682925770341,-32.20211500095992,70.34853435842592,138.97992368771787,3.0470914127423825
112,2024-07-06 00:00:00+00:00,93,23438404106684946030,0x88e6a0c2ddd26feeb64f039a2c41296fcb3f5640,5850,18777.961463124404,18754.52305901772,26500.95176893317,23.438404106684175,-199.26250597770533,11.292708865512658,79.50285530679952,141.1279484249392,27.70083102493075
206,2024-07-05 00:00:00+00:00,183,-400362575253497424,0x88e6a0c2ddd26feeb64f039a2c41296fcb3f5640,9949,13534.255146797112,13534.655509372364,152798.73159761576,-0.40036257525207475,-101.70814776223564,-27.924790061076255,458.39619479284727,1128.977767452357,72.29916897506925
210,2024-07-04 00:00:00+00:00,169,-878989393589083886,0x88e6a0c2ddd26feeb64f039a2c41296fcb3f5640,8207,38802.68824707562,38803.56723646919,109408.45568756628,-0.8789893935754662,119.54834140579705,186.69984292603124,328.22536706269887,281.96102030588537,96.1218836565097
116,2024-07-03 00:00:00+00:00,109,16733549416649111194,0x88e6a0c2ddd26feeb64f039a2c41296fcb3f5640,6488,38883.00284389543,38866.26929447878,77120.52430531394,16.73354941665457,-2003.7259765544484,0.20698204286366817,231.36157291594182,198.33993947157745,37.67313019390582
71,2024-07-02 00:00:00+00:00,64,1684283092488995051,0x88e6a0c2ddd26feeb64f039a2c41296fcb3f5640,5247,20634.37705052875,20632.69276743626,31138.122669184504,1.6842830924906593,-89.9346931690755,-46.93214118937752,93.41436800755352,150.9041081925301,1.3850415512465373
132,2024-07-01 00:00:00+00:00,123,948325353493288493,0x88e6a0c2ddd26feeb64f039a2c41296fcb3f5640,5728,49512.72859049521,49511.78026514172,57280.36300978484,0.9483253534854157,-43.69560807719888,139.95262114892125,171.84108902935452,115.68815664257446,85.87257617728532
102,2024-06-30 00:00:00+00:00,101,442125412767472098,0x88e6a0c2ddd26feeb64f039a2c41296fcb3f5640,5682,53964.1551358572,53963.71301044444,29389.01943447952,0.44212541276647244,-53.37829879360365,8.99046906135672,88.16705830343857,54.4602604460152,20.77562326869806
91,2024-06-29 00:00:00+00:00,78,-179234766297383551,0x88e6a0c2ddd26feeb64f039a2c41296fcb3f5640,5126,33341.56008083968,33341.73931560598,16260.025553321744,-0.1792347662994871,-140.539349497686,-38.215357959555206,48.78007665996523,48.76804058927602,0.8310249307479225
85,2024-06-28 00:00:00+00:00,93,524035750569209936,0x88e6a0c2ddd26feeb64f039a2c41296fcb3f5640,6293,37173.68750608016,37173.16347032959,56785.80137117783,0.5240357505681459,-392.37394138842666,11.493545640783264,170.3574041135335,152.75805329210317,37.119113573407205
80,2024-06-27 00:00:00+00:00,75,-1879363075851540881477,0x88e6a0c2ddd26feeb64f039a2c41296fcb3f5640,5660,22708.568756200533,24587.93183205208,89685.91335819256,-1879.3630758515465,-358732.607377262,-38.912251434603306,269.0577400745777,394.9430469223384,23.822714681440445
72,2024-06-26 00:00:00+00:00,59,-15704153746581927991101,0x88e6a0c2ddd26feeb64f039a2c41296fcb3f5640,5768,15109.846922069111,30814.00066865104,59668.448778499405,-15704.153746581927,735.6104229336482,-33.46191438003597,179.00534633549822,394.89777154094776,15.512465373961218
59,2024-06-25 00:00:00+00:00,64,1882893681385326122247,0x88e6a0c2ddd26feeb64f039a2c41296fcb3f5640,6866,25040.263645395567,23157.36996401025,81767.61896221605,1882.893681385318,-111.98978125004118,65.72149125364272,245.30285688664813,326.54456087267107,74.79224376731301
160,2024-06-24 00:00:00+00:00,141,-1880312356705924199952,0x88e6a0c2ddd26feeb64f039a2c41296fcb3f5640,9974,32092.637058387703,33972.94941509363,242051.70254335535,-1880.3123567059265,-199.86290650901265,28.1641340237603,726.155107630066,754.2281492885077,89.19667590027701
85,2024-06-23 00:00:00+00:00,66,1883607615044496909014,0x88e6a0c2ddd26feeb64f039a2c41296fcb3f5640,6388,36198.93569896906,34315.32808392457,88235.06294332577,1883.607615044486,-200.17525058146896,12.795142490505107,264.7051888299773,243.75043420361857,47.64542936288089
73,2024-06-22 00:00:00+00:00,55,-512798627548547396,0x88e6a0c2ddd26feeb64f039a2c41296fcb3f5640,5303,18461.144428179545,18461.65722680709,23403.78472213464,-0.5127986275438161,-100.02722428086656,-49.00086405384201,70.21135416640392,126.77320635881341,0.554016620498615
72,2024-06-21 00:00:00+00:00,65,-161183943373364094,0x88e6a0c2ddd26feeb64f039a2c41296fcb3f5640,6596,22264.7047624266,22264.86594636997,90152.95789038388,-0.16118394336808706,-68.56778963311194,20.603058218000882,270.45887367115165,404.91423017889696,57.89473684210527
42,2024-06-20 00:00:00+00:00,45,20421963416426646546,0x88e6a0c2ddd26feeb64f039a2c41296fcb3f5640,6237,18420.16040182125,18399.738438404816,70574.41807243245,20.421963416432845,-12769.973813580371,-17.267439212099124,211.72325421729738,383.13682689459415,32.40997229916898
67,2024-06-19 00:00:00+00:00,65,728651642131785648,0x88e6a0c2ddd26feeb64f039a2c41296fcb3f5640,6818,24919.73965851925,24919.011006877125,68220.57472614635,0.7286516421263514,-96.43201964831633,35.28513929800183,204.66172417843907,273.76118555405515,55.4016620498615
93,2024-06-18 00:00:00+00:00,90,-1396646681305555997,0x88e6a0c2ddd26feeb64f039a2c41296fcb3f5640,11434,26003.119375547776,26004.51602222908,109585.77741441508,-1.3966466813035368,-291.67550041167027,4.347476064655242,328.75733224324523,421.43319742424774,54.016620498614955
94,2024-06-17 00:00:00+00:00,81,897177547682095213,0x88e6a0c2ddd26feeb64f039a2c41296fcb3f5640,7060,40457.41657846648,40456.5194009188,86686.9486768125,0.8971775476820767,-164.23797512229157,55.58678170170195,260.0608460304375,214.26713816163874,68.97506925207756
84,2024-06-16 00:00:00+00:00,68,-7526050322177784991,0x88e6a0c2ddd26feeb64f039a2c41296fcb3f5640,5525,22506.5027939087,22514.02884423088,39105.86543701917,-7.526050322179799,-938.8585226663214,-44.36989630749725,117.31759631105751,173.7536293182032,2.4930747922437675
74,2024-06-15 00:00:00+00:00,67,2376696278137427188,0x88e6a0c2ddd26feeb64f039a2c41296fcb3f5640,5228,20802.02607517232,20799.649378894188,40050.56722429154,2.3766962781337497,-131.57959588882179,-7.573263311249267,120.15170167287462,192.53204990495024,17.72853185595568
101,2024-06-14 00:00:00+00:00,92,-17177875666445551330,0x88e6a0c2ddd26feeb64f039a2c41296fcb3f5640,6797,26061.318872514847,26078.496748181296,90622.18441188408,-17.177875666449836,-822.7627620950539,25.282598811947498,271.86655323565225,347.72677797000256,59.0027700831025
78,2024-06-13 00:00:00+00:00,75,21894419684328276753,0x88e6a0c2ddd26feeb64f039a2c41296fcb3f5640,6897,15929.242825815749,15907.348406131416,79282.68615891424,21.894419684333116,-227.45708555275655,-38.87783306847425,237.84805847674272,497.7178578157189,24.930747922437675
81,2024-06-12 00:00:00+00:00,61,-23475857201862935062,0x88e6a0c2ddd26feeb64f039a2c41296fcb3f5640,6189,19680.457461062957,19703.93331826481,84684.47219803494,-23.475857201854524,-207.22301636819827,23.549233797652946,254.05341659410485,430.2972751806201,60.664819944598335
178,2024-06-11 00:00:00+00:00,161,-57976398272885489,0x88e6a0c2ddd26feeb64f039a2c41296fcb3f5640,7741,41104.355037040965,41104.41301343923,105784.42161895854,-0.057976398267783225,-99.75303820529628,108.85873775223152,317.3532648568756,257.35575104786705,86.42659279778393
88,2024-06-10 00:00:00+00:00,81,21945685676576018700,0x88e6a0c2ddd26feeb64f039a2c41296fcb3f5640,6126,41452.82250273411,41430.876817057535,69547.88386082173,21.945685676575522,-37952.79239874836,0.84776288395505,208.6436515824652,167.7759912638869,34.903047091412745
64,2024-06-09 00:00:00+00:00,79,3466853169965385017,0x88e6a0c2ddd26feeb64f039a2c41296fcb3f5640,5138,38414.45455159045,38410.98769842049,21789.64542275385,3.466853169957176,-84.20257529862629,-7.329701013587819,65.36893626826155,56.722516763814646,8.86426592797784
85,2024-06-08 00:00:00+00:00,89,146613126375678609,0x88e6a0c2ddd26feeb64f039a2c41296fcb3f5640,5470,45267.88431043133,45267.73769730496,23904.579174146907,0.14661312636599177,-95.77100271691626,17.84075770134066,71.71373752244072,52.80692821917115,26.038781163434905
70,2024-06-07 00:00:00+00:00,60,3264035739559511899,0x88e6a0c2ddd26feeb64f039a2c41296fcb3f5640,5885,15129.909237306072,15126.645201566513,55288.87071175352,3.2640357395594037,2126.2916155347234,-66.57694639857598,165.86661213526057,365.42764298563554,1.9390581717451523
58,2024-06-06 00:00:00+00:00,55,2427919453767302565,0x88e6a0c2ddd26feeb64f039a2c41296fcb3f5640,5069,17532.11751925405,17529.68959980028,40908.42090197503,2.4279194537703006,-25.616027289638875,15.877215416631941,122.72526270592509,233.33417002851337,39.05817174515235
53,2024-06-05 00:00:00+00:00,49,720183081469634769,0x88e6a0c2ddd26feeb64f039a2c41296fcb3f5640,5511,15074.445704569936,15073.72552148847,50595.52363313577,0.72018308146653,-70.3374393105108,-14.018111685511236,151.7865708994073,335.63770519135795,25.48476454293629
67,2024-06-04 00:00:00+00:00,59,-1704161781353907740,0x88e6a0c2ddd26feeb64f039a2c41296fcb3f5640,5461,26334.06509803752,26335.76925981887,55117.62689517112,-1.7041617813483754,-336.6289663286925,74.693422326329,165.35288068551336,209.3016277205095,70.3601108033241
63,2024-06-03 00:00:00+00:00,61,297847535478059245,0x88e6a0c2ddd26feeb64f039a2c41296fcb3f5640,5146,23392.913837363496,23392.615989828017,49956.88258497633,0.29784753547937726,-117.47765609692952,-11.168618478478686,149.870647754929,213.55562172500498,21.329639889196674
56,2024-06-02 00:00:00+00:00,50,-2598580896264175327,0x88e6a0c2ddd26feeb64f039a2c41296fcb3f5640,4921,6275.188172995752,6277.786753892016,39403.53802468703,-2.5985808962641386,-972.4533819230014,-73.17483312842828,118.2106140740611,627.9259990043602,3.6011080332409975
72,2024-06-01 00:00:00+00:00,72,2883675881155834599,0x88e6a0c2ddd26feeb64f039a2c41296fcb3f5640,5018,21668.83902183682,21665.955345955663,30448.11101302277,2.8836758811557957,-210.97117989674769,245.30978871813164,91.34433303906832,140.51565467969291,96.39889196675901
85,2024-05-31 00:00:00+00:00,75,-1734426161400735416030,0x88e6a0c2ddd26feeb64f039a2c41296fcb3f5640,5984,21649.93388816172,23384.360049562456,139043.74617039473,-1734.4261614007373,-60246.36293679331,-0.08724571563824002,417.1312385111842,642.236354571154,67.86703601108033
103,2024-05-30 00:00:00+00:00,95,1733680418925435518871,0x88e6a0c2ddd26feeb64f039a2c41296fcb3f5640,6096,41840.39968769367,40106.71926876823,108746.64449104172,1733.6804189254399,-199.95700350398917,93.25878731930996,326.2399334731252,259.9082353484947,83.10249307479224
79,2024-05-29 00:00:00+00:00,89,-667775087293451354,0x88e6a0c2ddd26feeb64f039a2c41296fcb3f5640,6863,24946.020122958143,24946.68789804544,266365.3292616903,-0.6677750872950128,-100.03851777294162,-40.378150521598855,799.095987785071,1067.7668339429858,81.16343490304709
107,2024-05-28 00:00:00+00:00,108,545463515143496575,0x88e6a0c2ddd26feeb64f039a2c41296fcb3f5640,6407,18787.92921669251,18787.383753177368,81170.33505187949,0.5454635151436378,-181.68371739550392,-24.685664791067264,243.5110051556385,432.0344946784347,32.686980609418285
127,2024-05-27 00:00:00+00:00,115,-939348007814727174,0x88e6a0c2ddd26feeb64f039a2c41296fcb3f5640,6778,26096.88368692641,26097.823034934227,89804.65303084695,-0.9393480078178982,-272.2109695220474,38.90239518115766,269.41395909254084,344.1202179853981,66.4819944598338
137,2024-05-26 00:00:00+00:00,121,-1707007688193305165505,0x88e6a0c2ddd26feeb64f039a2c41296fcb3f5640,7009,39802.832107057766,41509.83979525108,187856.90521691155,-1707.0076881933128,181622.6069557208,52.51948310976893,563.5707156507347,471.9686898450653,85.0415512465374
79,2024-05-25 00:00:00+00:00,90,243238288251980799,0x88e6a0c2ddd26feeb64f039a2c41296fcb3f5640,6046,22703.63027766292,22703.387039374666,41983.147860352175,0.24323828825436067,-100.01424939617651,-42.95976171595801,125.94944358105653,184.9182150471218,3.8781163434903045
151,2024-05-24 00:00:00+00:00,140,1708696227688837857428,0x88e6a0c2ddd26feeb64f039a2c41296fcb3f5640,7887,30098.616432777657,28389.920205088823,148175.5492154416,1708.6962276888335,702378.314557947,32.571822500079776,444.5266476463248,492.3002010619901,76.73130193905817
202,2024-05-23 00:00:00+00:00,177,-911017644771949456,0x88e6a0c2ddd26feeb64f039a2c41296fcb3f5640,9914,40613.96530680811,40614.87632445288,342803.5334281128,-0.9110176447720733,-100.05331653631637,34.936319739199526,1028.4106002843384,844.053346769981,95.29085872576178
142,2024-05-22 00:00:00+00:00,121,692902830793743111,0x88e6a0c2ddd26feeb64f039a2c41296fcb3f5640,7854,40266.581569339,40265.88866650821,142405.02259295373,0.692902830793173,-176.05811311882218,-0.8553307583854086,427.21506777886117,353.655604828864,56.232686980609415
274,2024-05-21 00:00:00+00:00,220,-32642972996867258239,0x88e6a0c2ddd26feeb64f039a2c41296fcb3f5640,9986,58298.87371465528,58331.51668765216,229847.4734128288,-32.64297299688042,-4811.046274628965,44.78227712045706,689.5424202384864,394.2571421496421,86.14958448753463
208,2024-05-20 00:00:00+00:00,163,6822923649820565287,0x88e6a0c2ddd26feeb64f039a2c41296fcb3f5640,9249,34851.80782252413,34844.98489887432,187721.40353933815,6.822923649815493,-120.90166128700206,-40.218728764629596,563.1642106180144,538.6274493859024,52.63157894736842
117,2024-05-19 00:00:00+00:00,117,-2204355594704651959,0x88e6a0c2ddd26feeb64f039a2c41296fcb3f5640,6377,29124.347598035187,29126.55195362989,40187.3699807181,-2.204355594702065,-132.30807946622232,-16.433753605135472,120.5621099421543,137.98547708388583,10.526315789473683
127,2024-05-18 00:00:00+00:00,111,-2660473012202349092,0x88e6a0c2ddd26feeb64f039a2c41296fcb3f5640,6579,50252.22698740843,50254.88746042064,33687.078690209804,-2.6604730122126057,20.691644243187014,72.54370014042337,101.06123607062942,67.03599165595325,61.772853185595565
179,2024-05-17 00:00:00+00:00,167,-1238790628865883354,0x88e6a0c2ddd26feeb64f039a2c41296fcb3f5640,7345,56311.04848109405,56312.28727172292,67333.31540752729,-1.2387906288713566,-53.43720371584955,12.056821870210378,201.99994622258188,119.57389752764749,38.504155124653735
129,2024-05-16 00:00:00+00:00,131,-11028074453519193875,0x88e6a0c2ddd26feeb64f039a2c41296fcb3f5640,7010,45889.73270053743,45900.760774990944,54951.875892854645,-11.02807445351209,790.2290828240767,-18.506698173193282,164.85562767856393,119.74764867656569,12.465373961218837
128,2024-05-15 00:00:00+00:00,123,37687708068743575725,0x88e6a0c2ddd26feeb64f039a2c41296fcb3f5640,7768,35736.68201182056,35698.99430375181,61399.72755442281,37.68770806874818,-441.7433227134756,-22.124885222087965,184.19918266326843,171.81149479437886,13.850415512465375
156,2024-05-14 00:00:00+00:00,151,-628047483878124732,0x88e6a0c2ddd26feeb64f039a2c41296fcb3f5640,7197,52874.38685427005,52875.01490175392,56470.83090623556,-0.6280474838713417,-101.66645178509049,47.955500840231565,169.4124927187067,106.8018643164182,52.90858725761773
127,2024-05-13 00:00:00+00:00,124,-1662139617302423753,0x88e6a0c2ddd26feeb64f039a2c41296fcb3f5640,7194,40840.52413598365,40842.18627560094,50825.99670749792,-1.6621396172922687,164.65190291770443,-22.759342347465093,152.47799012249376,124.44991288129992,9.418282548476455
67,2024-05-12 00:00:00+00:00,76,-3583662948587506327,0x88e6a0c2ddd26feeb64f039a2c41296fcb3f5640,5344,25180.1671853776,25183.75084832618,16845.88696621136,-3.5836629485820595,115.60541071875025,-38.34514194397439,50.53766089863409,66.9014103130894,1.10803324099723
87,2024-05-11 00:00:00+00:00,85,-4779333668864501382,0x88e6a0c2ddd26feeb64f039a2c41296fcb3f5640,5159,22563.240805111884,22568.020138780743,29509.496390525328,-4.779333668859181,33.36448593052563,-10.39280780385522,88.52848917157598,130.78571755454436,11.080332409972298
126,2024-05-10 00:00:00+00:00,115,-6991014056102180022,0x88e6a0c2ddd26feeb64f039a2c41296fcb3f5640,7195,39249.27195275285,39256.26296680895,67766.62719866977,-6.991014056096901,46.27591502238941,73.95228057779985,203.2998815960093,172.65702986859296,71.19113573407202
123,2024-05-09 00:00:00+00:00,117,-12335887161889883792,0x88e6a0c2ddd26feeb64f039a2c41296fcb3f5640,7661,50420.27198194586,50432.60786910775,59986.16811805289,-12.33588716189115,76.45347388670972,28.46167450606558,179.95850435415866,118.97232156846025,44.59833795013851
158,2024-05-08 00:00:00+00:00,148,-10579545122452380928,0x88e6a0c2ddd26feeb64f039a2c41296fcb3f5640,7660,58665.06782071211,58675.64736583456,99815.0341585673,-10.579545122447598,-14.237662977895605,16.35214471218738,299.4451024757019,170.14389971151948,49.03047091412742
104,2024-05-07 00:00:00+00:00,100,25972446384922494553,0x88e6a0c2ddd26feeb64f039a2c41296fcb3f5640,7055,37602.82228849578,37576.84984211085,73092.52401773422,25.972446384927025,-345.4968156411459,-35.90253333821283,219.27757205320268,194.38042032312072,9.695290858725762
110,2024-05-06 00:00:00+00:00,111,-353455126967648062,0x88e6a0c2ddd26feeb64f039a2c41296fcb3f5640,7666,28962.427559425025,28962.781014552,71482.5327557018,-0.35345512697676895,-101.36088499996634,-22.978048463437272,214.4475982671054,246.8112612764733,21.052631578947366
84,2024-05-05 00:00:00+00:00,78,-19675702838395029568,0x88e6a0c2ddd26feeb64f039a2c41296fcb3f5640,5914,27088.920899299905,27108.596602138296,48059.13948805681,-19.675702838390862,5466.67631523253,-6.4687487134186705,144.17741846417044,177.41252841599484,22.71468144044321
91,2024-05-04 00:00:00+00:00,88,23824880577572088217,0x88e6a0c2ddd26feeb64f039a2c41296fcb3f5640,5921,23013.67050136216,22989.84562078459,41113.149999245965,23.824880577572912,-221.0878247819755,-15.043974668046179,123.3394499977379,178.64664394500872,13.019390581717452
142,2024-05-03 00:00:00+00:00,124,1695494054536778031,0x88e6a0c2ddd26feeb64f039a2c41296fcb3f5640,7007,32642.36138031932,32640.665886264786,64405.29088191337,1.695494054532901,-92.88351499176486,41.83900555275284,193.21587264574012,197.30585704729228,55.124653739612185
109,2024-05-02 00:00:00+00:00,117,4408823247410660655,0x88e6a0c2ddd26feeb64f039a2c41296fcb3f5640,6960,28430.7265167793,28426.317693531888,105739.25150188371,4.408823247413238,160.0317727818777,-12.902359649995454,317.21775450565116,371.918921732367,43.49030470914128
183,2024-05-01 00:00:00+00:00,184,-18774266366327569439,0x88e6a0c2ddd26feeb64f039a2c41296fcb3f5640,9583,44323.9827018528,44342.75696821913,154041.96313619876,-18.774266366330266,-525.833954158756,55.90168853298063,462.12588940859627,347.5363758991802,80.60941828254848
157,2024-04-30 00:00:00+00:00,133,-2937404219370475230,0x88e6a0c2ddd26feeb64f039a2c41296fcb3f5640,8333,33720.95856410011,33723.895968319484,113394.9268253656,-2.9374042193740024,-84.35409319299987,-23.92164126828221,340.1847804760968,336.27432805569094,37.95013850415512
112,2024-04-29 00:00:00+00:00,109,8449370375529517468,0x88e6a0c2ddd26feeb64f039a2c41296fcb3f5640,6490,20421.147073520657,20412.697703145128,85310.83063958719,8.449370375528815,-387.6475195276148,-39.44078714517521,255.93249191876157,417.7572901877122,22.99168975069252
148,2024-04-28 00:00:00+00:00,129,6630691028654685552,0x88e6a0c2ddd26feeb64f039a2c41296fcb3f5640,5701,36330.45976150261,36323.82907047394,65903.36310158884,6.630691028665751,-21.52443633114188,77.906067816391,197.7100893047665,181.39974978082444,72.85318559556787
89,2024-04-27 00:00:00+00:00,84,1350656020529744163,0x88e6a0c2ddd26feeb64f039a2c41296fcb3f5640,6503,14327.924615426447,14326.57395940592,58237.79082249996,1.350656020527822,-79.63023741132446,-60.56222599580487,174.71337246749988,406.4635485295413,5.263157894736842
86,2024-04-26 00:00:00+00:00,66,1708523988910152179,0x88e6a0c2ddd26feeb64f039a2c41296fcb3f5640,6435,14907.437008153544,14905.728484164636,54333.02902911967,1.7085239889074728,26.495862968855665,4.044635969839994,162.99908708735902,364.4692846892629,39.88919667590028
409,2024-04-25 00:00:00+00:00,100,-4149717664541353458,0x88e6a0c2ddd26feeb64f039a2c41296fcb3f5640,6635,26426.3730200231,26430.522737687646,77279.16423901633,-4.149717664546188,-342.883195757746,77.26972789198663,231.837492717049,292.4319738484823,76.45429362880887
89,2024-04-24 00:00:00+00:00,93,5038591085196728819,0x88e6a0c2ddd26feeb64f039a2c41296fcb3f5640,6662,14312.937077728948,14307.898486643751,74182.19804999686,5.038591085196458,-221.42009390770153,-45.838435464132274,222.5465941499906,518.2877395962636,17.451523545706372
95,2024-04-23 00:00:00+00:00,89,-2247786250251804659,0x88e6a0c2ddd26feeb64f039a2c41296fcb3f5640,6795,20097.221437281,20099.469223531247,58713.71160907124,-2.2477862502455537,-144.61140450253288,40.412979726938424,176.1411348272137,292.14840366019644,56.78670360110804
131,2024-04-22 00:00:00+00:00,115,262722065080674349,0x88e6a0c2ddd26feeb64f039a2c41296fcb3f5640,6591,31776.051995162936,31775.789273097853,73359.31397289832,0.26272206508292584,-111.68803595333966,58.11166779611297,220.07794191869496,230.8635257270643,68.14404432132964
90,2024-04-21 00:00:00+00:00,78,1611377821434721364,0x88e6a0c2ddd26feeb64f039a2c41296fcb3f5640,5572,15577.971480499413,15576.360102677978,51379.42431754527,1.6113778214348713,513.3393557660467,-50.975749023601956,154.13827295263582,329.8210192634022,5.540166204986149
96,2024-04-20 00:00:00+00:00,101,-139369873741230465,0x88e6a0c2ddd26feeb64f039a2c41296fcb3f5640,6050,23911.15378310764,23911.293152981376,58762.75505568833,-0.1393698737374507,-108.64911207561161,53.493372439664235,176.288265167065,245.75457792087843,65.09695290858726
90,2024-04-19 00:00:00+00:00,95,312384347531907304,0x88e6a0c2ddd26feeb64f039a2c41296fcb3f5640,8980,19485.25033958897,19484.93795524144,144555.89352541178,0.3123843475295871,-324.1405112542948,-18.50978620130581,433.66768057623534,741.8734222352368,65.37396121883657
82,2024-04-18 00:00:00+00:00,75,1861535326566493391,0x88e6a0c2ddd26feeb64f039a2c41296fcb3f5640,7213,13859.323819185627,13857.46228385906,96729.1141823714,1.861535326566809,495.91184426758,-28.872744369996216,290.1873425471142,697.9353065440908,44.32132963988919
88,2024-04-17 00:00:00+00:00,75,-2453682473405996634,0x88e6a0c2ddd26feeb64f039a2c41296fcb3f5640,7080,14093.419807975955,14095.873490449365,103135.37005141452,-2.4536824734095717,-231.80961104481685,1.6890866527432324,309.40611015424355,731.7980409059172,65.92797783933518
99,2024-04-16 00:00:00+00:00,94,-1493869114639643760,0x88e6a0c2ddd26feeb64f039a2c41296fcb3f5640,8020,17174.306537075543,17175.800406190185,117459.79970126586,-1.4938691146417113,-39.11726024737542,21.8604623368702,352.3793991037976,683.9274671597135,74.23822714681441
128,2024-04-15 00:00:00+00:00,129,-265122762932212530,0x88e6a0c2ddd26feeb64f039a2c41296fcb3f5640,8632,34134.09904872545,34134.364171488385,158563.99654706538,-0.2651227629321511,-82.2526109996097,98.75095960956244,475.6919896411962,464.53253774391345,91.13573407202216
191,2024-04-14 00:00:00+00:00,173,3158229771290180775,0x88e6a0c2ddd26feeb64f039a2c41296fcb3f5640,10197,40312.209409679366,40309.05117990808,178524.94873687145,3.158229771288461,-1291.2329731177022,18.09952667019228,535.5748462106144,442.8557783141645,75.62326869806094
102,2024-04-13 00:00:00+00:00,94,-8290294846024298127,0x88e6a0c2ddd26feeb64f039a2c41296fcb3f5640,8750,12380.837819591889,12389.128114437912,198580.9538677431,-8.290294846023244,-362.4981539149084,-69.28762278006243,595.7428616032294,1603.9379302223101,76.17728531855957
80,2024-04-12 00:00:00+00:00,76,-60892673039630394551,0x88e6a0c2ddd26feeb64f039a2c41296fcb3f5640,7968,11065.706328155156,11126.599001194789,171904.66827064866,-60.89267303963243,634.5055172415481,-10.622314180996861,515.714004811946,1553.4902442988302,86.70360110803324
70,2024-04-11 00:00:00+00:00,64,55731437996095008200,0x88e6a0c2ddd26feeb64f039a2c41296fcb3f5640,6802,19723.748479533344,19668.01704153725,149868.67262692295,55.73143799609534,-191.52404585658792,78.24211030568378,449.6060178807689,759.8386928450062,90.85872576177285
79,2024-04-10 00:00:00+00:00,75,-53953669992385402795,0x88e6a0c2ddd26feeb64f039a2c41296fcb3f5640,7042,12661.156251867444,12715.109921859828,126042.53899701608,-53.953669992384675,-196.81011639456491,-35.807555723976655,378.1276169910482,995.5057538953092,59.556786703601105
70,2024-04-09 00:00:00+00:00,62,17425350260009889448,0x88e6a0c2ddd26feeb64f039a2c41296fcb3f5640,6665,8275.141185532657,8257.715835272647,147227.1192133836,17.42535026000951,-132.29687667672843,-34.64150492327963,441.6813576401508,1779.149333074573,81.99445983379502
133,2024-04-08 00:00:00+00:00,121,-14030451816574013258,0x88e6a0c2ddd26feeb64f039a2c41296fcb3f5640,6809,22565.897302462745,22579.92775427932,144236.63843360008,-14.030451816575805,-180.51747372203553,172.6950126472098,432.7099153008002,639.1797166331104,96.67590027700831
65,2024-04-07 00:00:00+00:00,74,58654410675619247925,0x88e6a0c2ddd26feeb64f039a2c41296fcb3f5640,5552,17288.092433372487,17229.43802269687,93835.32559601,58.65441067561551,-518.0507616035588,-23.388411275426048,281.50597678803,542.7743168174686,40.7202216066482
68,2024-04-06 00:00:00+00:00,65,1096371672762444195,0x88e6a0c2ddd26feeb64f039a2c41296fcb3f5640,5378,15607.994871796753,15606.898500123987,33751.04445330628,1.0963716727655992,-98.1307941548863,-9.71823564717017,101.25313335991883,216.2420267980325,14.681440443213297
102,2024-04-05 00:00:00+00:00,101,-925608472343146757,0x88e6a0c2ddd26feeb64f039a2c41296fcb3f5640,6710,19660.315067614152,19661.24067608649,87500.89517073294,-0.9256084723383537,-184.42469787672505,25.963105633381755,262.5026855121988,445.0635448608376,64.26592797783933
58,2024-04-04 00:00:00+00:00,50,-6117013684881275335,0x88e6a0c2ddd26feeb64f039a2c41296fcb3f5640,6150,7199.195393602103,7205.312407286984,67667.69136825658,-6.117013684881385,560.8640551256025,-63.38209551147468,203.00307410476975,939.9340852505907,27.146814404432135
67,2024-04-03 00:00:00+00:00,65,1943529728884973268,0x88e6a0c2ddd26feeb64f039a2c41296fcb3f5640,6424,17095.669204440946,17093.72567471206,76185.90482395628,1.9435297288873699,-131.77252543493464,137.46638714145476,228.55771447186885,445.6444723682735,91.68975069252078
102,2024-04-02 00:00:00+00:00,103,10792832458931605314,0x88e6a0c2ddd26feeb64f039a2c41296fcb3f5640,8225,12903.712076640875,12892.919244181943,115437.76741457864,10.792832458932025,455.3211920823406,-24.520579321405712,346.31330224373596,894.6089832828142,58.72576177285319
107,2024-04-01 00:00:00+00:00,100,-7834723145579398952,0x88e6a0c2ddd26feeb64f039a2c41296fcb3f5640,7031,20327.737126049105,20335.57184919468,80623.75460301746,-7.834723145573662,-172.59190926372378,57.53402590908452,241.87126380905238,396.6194274506907,73.68421052631578
59,2024-03-31 00:00:00+00:00,47,-51930099188557211893,0x88e6a0c2ddd26feeb64f039a2c41296fcb3f5640,6001,7544.997974696562,7596.9280738851185,49667.29168455252,-51.930099188556596,562.8198370722932,-62.883237185176036,149.00187505365756,658.2810472729118,8.310249307479225
54,2024-03-30 00:00:00+00:00,51,50160336468177083647,0x88e6a0c2ddd26feeb64f039a2c41296fcb3f5640,6271,7080.316122487278,7030.155786019101,39912.363464383176,50.160336468177775,-196.59202900045912,-6.158806851475285,119.73709039314953,563.7087776013335,39.612188365650965
57,2024-03-29 00:00:00+00:00,54,-326050167967382075,0x88e6a0c2ddd26feeb64f039a2c41296fcb3f5640,6529,9718.66705062373,9718.9931007917,65349.85833533936,-0.3260501679706067,-100.65001591083316,37.26317981420315,196.0495750060181,672.4158569785071,70.08310249307479
50,2024-03-28 00:00:00+00:00,53,2713591000881046624,0x88e6a0c2ddd26feeb64f039a2c41296fcb3f5640,6390,11518.622332384037,11515.908741383157,75957.15337654033,2.7135910008801147,-932.261801234448,18.520598271187705,227.871460129621,659.4291503332872,65.65096952908587
72,2024-03-27 00:00:00+00:00,69,-2960286190716837212,0x88e6a0c2ddd26feeb64f039a2c41296fcb3f5640,6687,11793.303351957942,11796.26363814866,100084.82773713396,-2.9602861907187616,-209.09109699135337,2.384669031136233,300.2544832114019,848.658130383102,67.59002770083103
78,2024-03-26 00:00:00+00:00,75,-3034556102204260524,0x88e6a0c2ddd26feeb64f039a2c41296fcb3f5640,6720,13033.546387724406,13036.58094382661,116792.57294158684,-3.0345561022040783,2.508876057935594,10.516502448489607,350.3777188247605,896.0920494485482,75.06925207756233
108,2024-03-25 00:00:00+00:00,104,8340310495330529586,0x88e6a0c2ddd26feeb64f039a2c41296fcb3f5640,6920,18150.59080327528,18142.25049277995,98023.75341490252,8.340310495332233,-374.84449831968647,39.26056856152631,294.07126024470756,540.058196878165,73.40720221606648
67,2024-03-24 00:00:00+00:00,54,-121774369024960959,0x88e6a0c2ddd26feeb64f039a2c41296fcb3f5640,5906,10023.603337731784,10023.72511210081,62142.51020171874,-0.12177436902675254,-101.46006997095498,-44.77533295542633,186.42753060515622,619.9617852773174,21.88365650969529
55,2024-03-23 00:00:00+00:00,50,534191000279957283,0x88e6a0c2ddd26feeb64f039a2c41296fcb3f5640,5632,9234.318332856528,9233.784141856248,63560.12587020367,0.5341910002807708,-538.672772070299,-7.874264157123568,190.68037761061103,688.3033872034829,47.368421052631575
108,2024-03-22 00:00:00+00:00,107,242577408956203813,0x88e6a0c2ddd26feeb64f039a2c41296fcb3f5640,7301,11272.650791865695,11272.408214456742,145657.30519016847,0.2425774089533661,-54.58976118544352,22.07344803954394,436.9719155705054,1292.1300222949712,87.25761772853186
84,2024-03-21 00:00:00+00:00,78,-256359379777085713,0x88e6a0c2ddd26feeb64f039a2c41296fcb3f5640,7133,15423.5355076801,15423.791867059876,146501.49906774805,-0.25635937977494905,-205.68147334125103,36.82261424091722,439.50449720324417,949.8567886383644,84.7645429362881
170,2024-03-20 00:00:00+00:00,170,-5878696491484514771,0x88e6a0c2ddd26feeb64f039a2c41296fcb3f5640,9907,15962.498647202598,15968.377343694085,250792.26298355663,-5.878696491487062,2193.1466352617213,3.494420194735004,752.37678895067,1571.1341220850006,93.62880886426593
194,2024-03-19 00:00:00+00:00,199,-533900705013361849,0x88e6a0c2ddd26feeb64f039a2c41296fcb3f5640,10075,11089.777487290865,11090.311387995876,207587.57679575536,-0.533900705011547,-90.9180427024139,-30.52605527246619,622.7627303872661,1871.8822540276883,90.30470914127424
74,2024-03-18 00:00:00+00:00,63,8912880088527002848,0x88e6a0c2ddd26feeb64f039a2c41296fcb3f5640,7493,8233.732411146675,8224.819531058147,122900.3694932096,8.912880088528254,-1769.3890839375258,-25.75385375781689,368.7011084796288,1492.6446884140823,77.00831024930747
108,2024-03-17 00:00:00+00:00,84,-1391916351912857276,0x88e6a0c2ddd26feeb64f039a2c41296fcb3f5640,7175,8739.553352893363,8740.945269245276,91049.95172925889,-1.3919163519130962,-115.61690876672546,6.1432764205686,273.14985518777667,1041.8147021107825,72.57617728531855
104,2024-03-16 00:00:00+00:00,97,997981164197060229,0x88e6a0c2ddd26feeb64f039a2c41296fcb3f5640,7564,12872.878048866643,12871.880067702446,118506.95165811734,0.9979811641969718,-171.698357650969,47.29446150248491,355.520854974352,920.5940676844285,83.93351800554017
115,2024-03-15 00:00:00+00:00,107,156856759334984130,0x88e6a0c2ddd26feeb64f039a2c41296fcb3f5640,9214,5366.338083878157,5366.181227118823,258610.56185836968,0.1568567593340049,-84.28259320302702,-58.312833668531326,775.8316855751091,4819.125403882053,99.16897506925207
77,2024-03-14 00:00:00+00:00,69,536808822962887147,0x88e6a0c2ddd26feeb64f039a2c41296fcb3f5640,7119,5313.8784609072,5313.3416520842375,129364.38013450937,0.5368088229624846,242.2286838270221,-0.9775683557575077,388.0931404035281,2434.4625321450035,93.90581717451524
81,2024-03-13 00:00:00+00:00,79,-793174693539194745,0x88e6a0c2ddd26feeb64f039a2c41296fcb3f5640,5881,8303.231871669825,8304.025046363364,90293.46519488796,-0.7931746935391857,-247.75738766026532,56.255584932070015,270.8803955846639,1087.4496411808557,85.59556786703601
68,2024-03-12 00:00:00+00:00,63,-5821672395768273352,0x88e6a0c2ddd26feeb64f039a2c41296fcb3f5640,6050,4661.4204918298055,4667.242164225573,131444.50916429696,-5.821672395767564,633.971020909778,-43.86016717497293,394.3335274928909,2819.838059979425,92.5207756232687
89,2024-03-11 00:00:00+00:00,81,2217005590461566529,0x88e6a0c2ddd26feeb64f039a2c41296fcb3f5640,5991,9722.633388881985,9720.416383291522,111656.99853885084,2.217005590462577,-138.08193659393083,108.5766217813454,334.9709956165525,1148.4234165049638,94.45983379501385
43,2024-03-10 00:00:00+00:00,48,-27133928191335960074,0x88e6a0c2ddd26feeb64f039a2c41296fcb3f5640,5469,5205.58410054138,5232.718028732715,78432.57277117603,-27.133928191334235,-1323.8998542927784,-46.45911357211037,235.2977183135281,1506.7007132402114,63.43490304709142
56,2024-03-09 00:00:00+00:00,47,9131259518624843002,0x88e6a0c2ddd26feeb64f039a2c41296fcb3f5640,5232,3556.514444506617,3547.383184987993,36997.71569480658,9.13125951862412,-133.65255282698203,-31.67885916708675,110.99314708441975,1040.280203330909,41.82825484764543
67,2024-03-08 00:00:00+00:00,67,-2809643351175064152,0x88e6a0c2ddd26feeb64f039a2c41296fcb3f5640,5586,1527.2423443871578,1530.0519877383329,82131.86851873367,-2.8096433511750547,-130.76950496746375,-57.057890015148615,246.39560555620102,5377.788850641843,98.61495844875347
48,2024-03-07 00:00:00+00:00,39,-2025703887142362996,0x88e6a0c2ddd26feeb64f039a2c41296fcb3f5640,5430,1794.084048854692,1796.1097527418344,94019.3876352484,-2.0257038871425266,-27.901742892195458,17.472125851422128,282.0581629057452,5240.523023169874,99.44598337950139
84,2024-03-06 00:00:00+00:00,70,2379840220464519948,0x88e6a0c2ddd26feeb64f039a2c41296fcb3f5640,7207,7238.998175955763,7236.618335735299,173519.43086512934,2.379840220463848,-217.48213722494597,303.49270038808925,520.558292595388,2397.008904373976,99.7229916897507
113,2024-03-05 00:00:00+00:00,93,-2554619603688490047,0x88e6a0c2ddd26feeb64f039a2c41296fcb3f5640,7136,2014.503242935252,2017.05786253894,180279.1673340191,-2.5546196036880247,-207.34416460908923,-72.17151884874902,540.8375020020572,8949.063148259893,100.0
86,2024-03-04 00:00:00+00:00,61,-11572698489258100392,0x88e6a0c2ddd26feeb64f039a2c41296fcb3f5640,5467,2052.620653102175,2064.193351591433,90428.38279451334,-11.572698489258073,353.0106350296118,1.892149357445727,271.28514838354005,4405.508765482154,98.33795013850416
51,2024-03-03 00:00:00+00:00,45,2048155881557965428,0x88e6a0c2ddd26feeb64f039a2c41296fcb3f5640,5172,7480.987600828249,7478.939444946692,79243.37058976608,2.04815588155725,-117.69817025353572,264.4603102634699,237.73011176929825,1059.2634932450997,98.89196675900277
46,2024-03-02 00:00:00+00:00,39,5325564333682538539,0x88e6a0c2ddd26feeb64f039a2c41296fcb3f5640,5298,5097.152030631484,5091.826466297802,66740.9239718134,5.3255643336824505,160.01752999548685,-31.86525225536855,200.2227719154402,1309.376757270175,59.83379501385041
43,2024-03-01 00:00:00+00:00,34,-19144919782134918420,0x88e6a0c2ddd26feeb64f039a2c41296fcb3f5640,6357,3207.895106854735,3227.0400266368697,83161.98178664525,-19.14491978213482,-459.4909118090917,-37.064951416461675,249.48594535993576,2592.415868241515,88.08864265927978
