burn_events,date,mint_events,net_liquidity_change,pool_address,swap_events,total_liquidity_added,total_liquidity_removed,total_trading_volume
271,2025-02-24 00:00:00.000 UTC,251,-605678485253902746,0x88e6a0c2ddd26feeb64f039a2c41296fcb3f5640,7791,82224159596024712733783,82224765274509966636529,213331217386726177585774
230,2025-02-23 00:00:00.000 UTC,211,869897777462517341,0x88e6a0c2ddd26feeb64f039a2c41296fcb3f5640,6254,65508893048903632095880,65508023151126169578539,129281362716476268824477
254,2025-02-22 00:00:00.000 UTC,265,-7280742462148687131,0x88e6a0c2ddd26feeb64f039a2c41296fcb3f5640,6361,88404719141012570219914,88411999883474718907045,102728423445013255795705
262,2025-02-21 00:00:00.000 UTC,233,7585473208556050800,0x88e6a0c2ddd26feeb64f039a2c41296fcb3f5640,8285,70368753131135927641891,70361167657927371591091,203309529604330747479638
275,2025-02-20 00:00:00.000 UTC,256,-1222398585377963614,0x88e6a0c2ddd26feeb64f039a2c41296fcb3f5640,5839,90904649317784854907049,90905871716370232870663,79960045671511050648158
242,2025-02-19 00:00:00.000 UTC,221,-170933373396590068,0x88e6a0c2ddd26feeb64f039a2c41296fcb3f5640,6601,64519259018919458311485,64519429952292854901553,84042998339144080251542
246,2025-02-18 00:00:00.000 UTC,239,-2338077056455600786,0x88e6a0c2ddd26feeb64f039a2c41296fcb3f5640,8171,77746932358053835024019,77749270435110290624805,155836337575938775920054
180,2025-02-17 00:00:00.000 UTC,191,-2621908223982556358687,0x88e6a0c2ddd26feeb64f039a2c41296fcb3f5640,6631,55798045488084551181869,58419953712067107540556,155455988011818276425711
183,2025-02-16 00:00:00.000 UTC,173,2620837677525241033256,0x88e6a0c2ddd26feeb64f039a2c41296fcb3f5640,4636,62537836069043764355722,59916998391518523322466,44013771556846250673433
195,2025-02-15 00:00:00.000 UTC,225,2816624429848800046,0x88e6a0c2ddd26feeb64f039a2c41296fcb3f5640,4947,76837157251207785887171,76834340626777937087125,39586156943342111708532
201,2025-02-14 00:00:00.000 UTC,212,440234754608887919,0x88e6a0c2ddd26feeb64f039a2c41296fcb3f5640,7652,67859067991792983935331,67858627757038375047412,114105426710536524787009
234,2025-02-13 00:00:00.000 UTC,256,136699715783543582,0x88e6a0c2ddd26feeb64f039a2c41296fcb3f5640,7776,85530901717439090002988,85530765017723306459406,117628769849204119190041
202,2025-02-12 00:00:00.000 UTC,219,2927809004397628580,0x88e6a0c2ddd26feeb64f039a2c41296fcb3f5640,8148,63529039241072155061630,63526111432067757433050,149665774744572048334512
219,2025-02-11 00:00:00.000 UTC,239,52700714578994912,0x88e6a0c2ddd26feeb64f039a2c41296fcb3f5640,7961,75116260149797761995299,75116207449083183000387,137706936175734325401291
213,2025-02-10 00:00:00.000 UTC,204,-2695158479890044356,0x88e6a0c2ddd26feeb64f039a2c41296fcb3f5640,7743,67053764309860629080561,67056459468340519124917,79971672579797614699817
246,2025-02-09 00:00:00.000 UTC,224,959227125931926147,0x88e6a0c2ddd26feeb64f039a2c41296fcb3f5640,7041,91027399679444699753775,91026440452318767827628,73744862664912390819512
246,2025-02-08 00:00:00.000 UTC,228,-2552349263002021029,0x88e6a0c2ddd26feeb64f039a2c41296fcb3f5640,6595,90991533031243588985432,90994085380506591006461,56789539701301241069819
214,2025-02-07 00:00:00.000 UTC,232,2301641067417682661,0x88e6a0c2ddd26feeb64f039a2c41296fcb3f5640,9499,76196318413643043071395,76194016772575625388734,157205999718481379074650
213,2025-02-06 00:00:00.000 UTC,193,-1599331987333007182,0x88e6a0c2ddd26feeb64f039a2c41296fcb3f5640,10033,65429090288246569513968,65430689620233902521150,311769779893014006590054
213,2025-02-05 00:00:00.000 UTC,197,-263576039521018270,0x88e6a0c2ddd26feeb64f039a2c41296fcb3f5640,9551,55562881533551438355722,55563145109590959373992,168700053029025334711332
244,2025-02-04 00:00:00.000 UTC,236,4196772003228272916,0x88e6a0c2ddd26feeb64f039a2c41296fcb3f5640,12530,53124324922891121276404,53120128150887893003488,275690057992122905895235
248,2025-02-03 00:00:00.000 UTC,195,12127565865159449631,0x88e6a0c2ddd26feeb64f039a2c41296fcb3f5640,15006,30523911623535456254166,30511784057670296804535,576458825831482473109304
209,2025-02-02 00:00:00.000 UTC,192,-4104152944038992158,0x88e6a0c2ddd26feeb64f039a2c41296fcb3f5640,10310,38486092938963529973753,38490197091907568965911,142868567814515296101035
153,2025-02-01 00:00:00.000 UTC,143,-1332074340847467936035,0x88e6a0c2ddd26feeb64f039a2c41296fcb3f5640,6300,35086514417280387747203,36418588758127855683238,79993013476262554441588
143,2025-01-31 00:00:00.000 UTC,133,1360890727601384303092,0x88e6a0c2ddd26feeb64f039a2c41296fcb3f5640,6968,31645425712984934673708,30284534985383550370616,146354849521332279803022
155,2025-01-30 00:00:00.000 UTC,156,176197831379748194,0x88e6a0c2ddd26feeb64f039a2c41296fcb3f5640,5970,40888138462258000157917,40887962264426620409723,70295467147238719292933
133,2025-01-29 00:00:00.000 UTC,133,21168793137809078,0x88e6a0c2ddd26feeb64f039a2c41296fcb3f5640,6652,38527703493152457844859,38527682324359320035781,67909069586116484453822
131,2025-01-28 00:00:00.000 UTC,126,-50075539366569956,0x88e6a0c2ddd26feeb64f039a2c41296fcb3f5640,6207,22343794324169290515147,22343844399708657085103,55504428167028403555377
182,2025-01-27 00:00:00.000 UTC,169,-2193499300339681021,0x88e6a0c2ddd26feeb64f039a2c41296fcb3f5640,8744,34174936069999318607262,34177129569299658288283,129145293943756120951283
134,2025-01-26 00:00:00.000 UTC,142,-1255887004542726925,0x88e6a0c2ddd26feeb64f039a2c41296fcb3f5640,5155,33797602209771460150874,33798858096776002877799,113977092277360208645426
122,2025-01-25 00:00:00.000 UTC,121,171977707276301487,0x88e6a0c2ddd26feeb64f039a2c41296fcb3f5640,4624,27750797778218514469372,27750625800511238167885,71886465325499521158178
134,2025-01-24 00:00:00.000 UTC,143,3058976802554082635,0x88e6a0c2ddd26feeb64f039a2c41296fcb3f5640,6342,28720119538588508016648,28717060561785953934013,170098710563486873736582
118,2025-01-23 00:00:00.000 UTC,146,1492877942693645406,0x88e6a0c2ddd26feeb64f039a2c41296fcb3f5640,7643,23432815620156987296383,23431322742214293650977,297268972274654915324879
92,2025-01-22 00:00:00.000 UTC,106,-7291267450064945655,0x88e6a0c2ddd26feeb64f039a2c41296fcb3f5640,6139,19848223062844082207312,19855514330294147152967,135884634838236436463035
102,2025-01-21 00:00:00.000 UTC,133,10883558282504896218,0x88e6a0c2ddd26feeb64f039a2c41296fcb3f5640,7444,20661838289117475498738,20650954730834970602520,238974697326620042027907
73,2025-01-20 00:00:00.000 UTC,65,9131776362048828715,0x88e6a0c2ddd26feeb64f039a2c41296fcb3f5640,7911,10475299947622399596025,10466168171260350767310,308040515587942705731240
87,2025-01-19 00:00:00.000 UTC,63,-4245222277644693214,0x88e6a0c2ddd26feeb64f039a2c41296fcb3f5640,8142,9185935308421266854429,9190180530698911547643,218540017660263156151491
86,2025-01-18 00:00:00.000 UTC,83,3390691799789765432,0x88e6a0c2ddd26feeb64f039a2c41296fcb3f5640,7292,17549578922674496739678,17546188230874706974246,112661828993348796379643
103,2025-01-17 00:00:00.000 UTC,106,-23554439846423140595,0x88e6a0c2ddd26feeb64f039a2c41296fcb3f5640,5588,21669594094960215648375,21693148534806638788970,78707682193751603948629
61,2025-01-16 00:00:00.000 UTC,70,-1491353517670805214,0x88e6a0c2ddd26feeb64f039a2c41296fcb3f5640,5403,14350992112684344829844,14352483466202015635058,49340360033231643822621
109,2025-01-15 00:00:00.000 UTC,95,-815465157639318815,0x88e6a0c2ddd26feeb64f039a2c41296fcb3f5640,5505,15404603272409585177696,15405418737567224496511,54557441704281430672172
103,2025-01-14 00:00:00.000 UTC,98,419504397103750947,0x88e6a0c2ddd26feeb64f039a2c41296fcb3f5640,5034,19540053892191658375052,19539634387794554624105,39862175817847698152087
187,2025-01-13 00:00:00.000 UTC,154,-415534792620803377,0x88e6a0c2ddd26feeb64f039a2c41296fcb3f5640,8253,30168351133725842912733,30168766668518463716110,102206941083288045917282
83,2025-01-12 00:00:00.000 UTC,89,644483814396792922,0x88e6a0c2ddd26feeb64f039a2c41296fcb3f5640,3972,24998012578095471959676,24997368094281075166754,28325402172972647584257
100,2025-01-11 00:00:00.000 UTC,94,-4373834873236358108,0x88e6a0c2ddd26feeb64f039a2c41296fcb3f5640,4174,29163415524122208626285,29167789358995444984393,24637104454808569639643
124,2025-01-10 00:00:00.000 UTC,115,6248059862537018419,0x88e6a0c2ddd26feeb64f039a2c41296fcb3f5640,5620,13529297785241566951925,13523049725379029933506,57255417358606397151246
126,2025-01-09 00:00:00.000 UTC,117,-3285258788022473384,0x88e6a0c2ddd26feeb64f039a2c41296fcb3f5640,6926,14533430993054817484263,14536716251842839957647,70722483624190078821508
124,2025-01-08 00:00:00.000 UTC,112,-27635944078288704,0x88e6a0c2ddd26feeb64f039a2c41296fcb3f5640,6285,26631171154221377415525,26631198790165455704229,75970708720805918363989
89,2025-01-07 00:00:00.000 UTC,87,26695499797003172572,0x88e6a0c2ddd26feeb64f039a2c41296fcb3f5640,5681,16294410041898239141151,16267714542101235968579,84485572557479077020771
102,2025-01-06 00:00:00.000 UTC,90,-27354874123818657,0x88e6a0c2ddd26feeb64f039a2c41296fcb3f5640,5050,19449255283710908548432,19449282638585032367089,87084190694925046558402
75,2025-01-05 00:00:00.000 UTC,63,-2429942182498829329,0x88e6a0c2ddd26feeb64f039a2c41296fcb3f5640,3952,17911870786883862071723,17914300729066360901052,21913350164696130446751
75,2025-01-04 00:00:00.000 UTC,76,-3585003502615709527,0x88e6a0c2ddd26feeb64f039a2c41296fcb3f5640,4209,27293449914863789686072,27297034918366405395599,29196663353643657775354
85,2025-01-03 00:00:00.000 UTC,71,-2297336661668328575,0x88e6a0c2ddd26feeb64f039a2c41296fcb3f5640,5418,28758727668639300228213,28761025005300968556788,44112156509170658248021
80,2025-01-02 00:00:00.000 UTC,87,968982450890645693,0x88e6a0c2ddd26feeb64f039a2c41296fcb3f5640,4683,23062329754557505432815,23061360772106614787122,60106889509731542492501
62,2025-01-01 00:00:00.000 UTC,60,1573701052805023923,0x88e6a0c2ddd26feeb64f039a2c41296fcb3f5640,4209,21905196783686956584612,21903623082634151560689,35771851865673028245642
83,2024-12-31 00:00:00.000 UTC,96,-1447976444405001907,0x88e6a0c2ddd26feeb64f039a2c41296fcb3f5640,5916,19073764163824922133364,19075212140269327135271,95009965057804752363418
99,2024-12-30 00:00:00.000 UTC,122,-100966801936241916,0x88e6a0c2ddd26feeb64f039a2c41296fcb3f5640,7006,36924088456568524860826,36924189423370461102742,141207776224513270309845
70,2024-12-29 00:00:00.000 UTC,86,388613539971294265,0x88e6a0c2ddd26feeb64f039a2c41296fcb3f5640,4538,28778819912762284389557,28778431299222313095292,27325772943947894005136
85,2024-12-28 00:00:00.000 UTC,74,43072621319346449,0x88e6a0c2ddd26feeb64f039a2c41296fcb3f5640,4110,17795807047555369212378,17795763974934049865929,27246452989378439079165
99,2024-12-27 00:00:00.000 UTC,85,217249032923880252,0x88e6a0c2ddd26feeb64f039a2c41296fcb3f5640,5588,16431987826921839269141,16431770577888915388889,60686472837534643798258
72,2024-12-26 00:00:00.000 UTC,65,-102440757811878821,0x88e6a0c2ddd26feeb64f039a2c41296fcb3f5640,5488,13369740906922208215401,13369843347680020094222,52995131432123921750668
73,2024-12-25 00:00:00.000 UTC,67,-301817728779380676,0x88e6a0c2ddd26feeb64f039a2c41296fcb3f5640,4721,10847053536037071809390,10847355353765851190066,41570039330095627223890
87,2024-12-24 00:00:00.000 UTC,90,1826767286113043362,0x88e6a0c2ddd26feeb64f039a2c41296fcb3f5640,5783,26094660343315546807147,26092833576029433763785,59256853032914813628796
107,2024-12-23 00:00:00.000 UTC,99,-15190075961614013260,0x88e6a0c2ddd26feeb64f039a2c41296fcb3f5640,7595,25907663113891157180876,25922853189852771194136,93052782163890362036127
109,2024-12-22 00:00:00.000 UTC,103,390342111830358250,0x88e6a0c2ddd26feeb64f039a2c41296fcb3f5640,6387,20729128764059046971341,20728738421947216613091,58237628707870146061039
86,2024-12-21 00:00:00.000 UTC,80,18342074130435303793,0x88e6a0c2ddd26feeb64f039a2c41296fcb3f5640,7024,11128900401267257681204,11110558327136822377411,68312451769508711454550
133,2024-12-20 00:00:00.000 UTC,128,-13253301599892739919,0x88e6a0c2ddd26feeb64f039a2c41296fcb3f5640,9364,31116282464092486804708,31129535765692379544627,153933360980854397788341
115,2024-12-19 00:00:00.000 UTC,97,9216276262152134742,0x88e6a0c2ddd26feeb64f039a2c41296fcb3f5640,8406,25757311153530073917879,25748094877267921783137,174221308427122418686983
88,2024-12-18 00:00:00.000 UTC,84,-3919415317166986467,0x88e6a0c2ddd26feeb64f039a2c41296fcb3f5640,7293,22617627506035682595659,22621546921352849582126,140216838082934409764044
55,2024-12-17 00:00:00.000 UTC,65,17210738764591276202,0x88e6a0c2ddd26feeb64f039a2c41296fcb3f5640,5574,13080236553111244504279,13063025814346653228077,86578630229834013643426
87,2024-12-16 00:00:00.000 UTC,83,-12139076121719347000,0x88e6a0c2ddd26feeb64f039a2c41296fcb3f5640,6421,31777932936415659811826,31790072012537379158826,120442964686379753548261
84,2024-12-15 00:00:00.000 UTC,64,1742851704528046354,0x88e6a0c2ddd26feeb64f039a2c41296fcb3f5640,4443,28548978613981897522136,28547235762277369475782,44777509206806833422554
62,2024-12-14 00:00:00.000 UTC,52,7072708568577069822,0x88e6a0c2ddd26feeb64f039a2c41296fcb3f5640,4728,25683740353926048432221,25676667645357471362399,49715723001062550526910
42,2024-12-13 00:00:00.000 UTC,34,1801881333009186486,0x88e6a0c2ddd26feeb64f039a2c41296fcb3f5640,5121,16427682119462044449369,16425880238129035262883,71280272798004100176045
56,2024-12-12 00:00:00.000 UTC,65,7177066953074889711,0x88e6a0c2ddd26feeb64f039a2c41296fcb3f5640,6034,15092024183391048269326,15084847116437973379615,108057901224674387246561
46,2024-12-11 00:00:00.000 UTC,50,131785386039164268,0x88e6a0c2ddd26feeb64f039a2c41296fcb3f5640,5554,7602309942312205266469,7602178156926166102201,59584826499600308292535
55,2024-12-10 00:00:00.000 UTC,54,-1225789809314168118,0x88e6a0c2ddd26feeb64f039a2c41296fcb3f5640,6475,7620048588517185583438,7621274378326499751556,108087050889717578275868
75,2024-12-09 00:00:00.000 UTC,47,-912033338537777200,0x88e6a0c2ddd26feeb64f039a2c41296fcb3f5640,6572,12392408110229671463414,12393320143568209240614,108958444286953594685578
74,2024-12-08 00:00:00.000 UTC,72,-19766102988388284726,0x88e6a0c2ddd26feeb64f039a2c41296fcb3f5640,4172,11638694943115224328311,11658461046103612613037,20077115698605502182875
81,2024-12-07 00:00:00.000 UTC,68,16885828451251029712,0x88e6a0c2ddd26feeb64f039a2c41296fcb3f5640,4370,11726686527087903641014,11709800698636652611302,39603028641774800454236
104,2024-12-06 00:00:00.000 UTC,79,-10238187809340987111,0x88e6a0c2ddd26feeb64f039a2c41296fcb3f5640,5924,7968391729987513253621,7978629917796854240732,113230678785653579259407
95,2024-12-05 00:00:00.000 UTC,83,4507817168850578307,0x88e6a0c2ddd26feeb64f039a2c41296fcb3f5640,6071,11758865324487708195383,11754357507318857617076,152124574785291531208245
79,2024-12-04 00:00:00.000 UTC,58,4707253054867956983,0x88e6a0c2ddd26feeb64f039a2c41296fcb3f5640,5668,5759018546620510353818,5754311293565642396835,86616015311943952508467
40,2024-12-03 00:00:00.000 UTC,34,-66673456452121796,0x88e6a0c2ddd26feeb64f039a2c41296fcb3f5640,5686,7086010294548692861286,7086076968005144983082,85970035469543794425485
44,2024-12-02 00:00:00.000 UTC,43,-4434944019201375793,0x88e6a0c2ddd26feeb64f039a2c41296fcb3f5640,5433,8211668814343083970346,8216103758362285346139,95391365485365050977639
62,2024-12-01 00:00:00.000 UTC,46,5277677809704157782,0x88e6a0c2ddd26feeb64f039a2c41296fcb3f5640,4843,8281530895961191797426,8276253218151487639644,45424489095152061974480
85,2024-11-30 00:00:00.000 UTC,70,160819757982233319,0x88e6a0c2ddd26feeb64f039a2c41296fcb3f5640,5312,9381370986748008266906,9381210166990026033587,47444688703790812860053
95,2024-11-29 00:00:00.000 UTC,72,2212930753038373291,0x88e6a0c2ddd26feeb64f039a2c41296fcb3f5640,4845,14857043811446943120109,14854830880693904746818,38954783255990940040765
94,2024-11-28 00:00:00.000 UTC,71,-8244911617939746366,0x88e6a0c2ddd26feeb64f039a2c41296fcb3f5640,5319,20935946619343554387613,20944191530961494133979,67553842938837616292972
153,2024-11-27 00:00:00.000 UTC,128,308085291040270382,0x88e6a0c2ddd26feeb64f039a2c41296fcb3f5640,6211,21329052332790202394581,21328744247499162124199,115913222268011622737614
73,2024-11-26 00:00:00.000 UTC,71,-674675580365357785,0x88e6a0c2ddd26feeb64f039a2c41296fcb3f5640,5936,16666958828054227323833,16667633503634592681618,113992115992141509766805
133,2024-11-25 00:00:00.000 UTC,110,-19459310929451052946,0x88e6a0c2ddd26feeb64f039a2c41296fcb3f5640,6745,22941902581592611847142,22961361892522062900088,172168072147599294546340
65,2024-11-24 00:00:00.000 UTC,63,-345130388651879013,0x88e6a0c2ddd26feeb64f039a2c41296fcb3f5640,5303,18576008599663666509139,18576353730052318388152,68392700824717213206285
77,2024-11-23 00:00:00.000 UTC,59,-4099907654494519650,0x88e6a0c2ddd26feeb64f039a2c41296fcb3f5640,5989,9808016575714188224014,9812116483368682743664,102787462594582126905721
97,2024-11-22 00:00:00.000 UTC,71,3470324924086255454,0x88e6a0c2ddd26feeb64f039a2c41296fcb3f5640,5801,16469282738314732277430,16465812413390646021976,95357802259314110542798
129,2024-11-21 00:00:00.000 UTC,103,-2701954950835017387,0x88e6a0c2ddd26feeb64f039a2c41296fcb3f5640,6555,16755617078948523718871,16758319033899358736258,153485773173739046200448
82,2024-11-20 00:00:00.000 UTC,91,-5443120630228365619,0x88e6a0c2ddd26feeb64f039a2c41296fcb3f5640,5227,40426040401573996966679,40431483522204225332298,107881718631804212021245
61,2024-11-19 00:00:00.000 UTC,67,4792537251502091020,0x88e6a0c2ddd26feeb64f039a2c41296fcb3f5640,5258,11656295280725329420710,11651502743473827329690,108632134002379553858309
64,2024-11-18 00:00:00.000 UTC,54,-4425501934667156028,0x88e6a0c2ddd26feeb64f039a2c41296fcb3f5640,5718,10023032946666195472562,10027458448600862628590,153461212958676972331060
57,2024-11-17 00:00:00.000 UTC,50,3907105110907472381,0x88e6a0c2ddd26feeb64f039a2c41296fcb3f5640,5156,10111940903441552088015,10108033798330644615634,123314806356833747554792
84,2024-11-16 00:00:00.000 UTC,61,2203955156825872850,0x88e6a0c2ddd26feeb64f039a2c41296fcb3f5640,5325,11258432167014168236560,11256228211857342363710,87350822355271467608542
65,2024-11-15 00:00:00.000 UTC,52,-16098361512362176277,0x88e6a0c2ddd26feeb64f039a2c41296fcb3f5640,5935,7250915571033363793248,7267013932545725969525,100864617501123018201388
72,2024-11-14 00:00:00.000 UTC,71,16306822973913378431,0x88e6a0c2ddd26feeb64f039a2c41296fcb3f5640,5897,15694736760797970396733,15678429937824057018302,138810170800101793498630
75,2024-11-13 00:00:00.000 UTC,62,22766517143451142771,0x88e6a0c2ddd26feeb64f039a2c41296fcb3f5640,6218,7364526021641583372039,7341759504498132229268,173283403144735861788129
95,2024-11-12 00:00:00.000 UTC,81,-2305083022777288921,0x88e6a0c2ddd26feeb64f039a2c41296fcb3f5640,7365,7659781563451064445219,7662086646473841734140,204554822992482949706894
128,2024-11-11 00:00:00.000 UTC,96,-20402098348199534434,0x88e6a0c2ddd26feeb64f039a2c41296fcb3f5640,6599,13714620645406455668064,13735022743754655202498,161553206139745239287523
149,2024-11-10 00:00:00.000 UTC,101,-4532004360338260674,0x88e6a0c2ddd26feeb64f039a2c41296fcb3f5640,6166,16109328978580369671392,16113860982940707932066,88205999935696603752927
138,2024-11-09 00:00:00.000 UTC,105,1423552228849621463,0x88e6a0c2ddd26feeb64f039a2c41296fcb3f5640,4726,14517965911053586438754,14516542358824736817291,53826086011165342071897
76,2024-11-08 00:00:00.000 UTC,70,246624993883728196,0x88e6a0c2ddd26feeb64f039a2c41296fcb3f5640,4736,10470631021911230364072,10470384396917346635876,60750299184054478410628
166,2024-11-07 00:00:00.000 UTC,117,1510973113227366480,0x88e6a0c2ddd26feeb64f039a2c41296fcb3f5640,5869,15573887718628920445810,15572376745515693079330,89955387962482476546880
116,2024-11-06 00:00:00.000 UTC,91,-768069745262942562,0x88e6a0c2ddd26feeb64f039a2c41296fcb3f5640,7210,17134341589111364978663,17135109658856627921225,194041306736471335997148
70,2024-11-05 00:00:00.000 UTC,62,2763968176398132973,0x88e6a0c2ddd26feeb64f039a2c41296fcb3f5640,5494,23026549740349759380939,23023785772173361247966,75797426655496598066756
88,2024-11-04 00:00:00.000 UTC,77,-662970057376852453,0x88e6a0c2ddd26feeb64f039a2c41296fcb3f5640,4661,29852582972331473684193,29853245942388850536646,64100469892536640778338
92,2024-11-03 00:00:00.000 UTC,85,100583058503951085,0x88e6a0c2ddd26feeb64f039a2c41296fcb3f5640,4792,29747673696569418117099,29747573113510914166014,65743895831786840203508
57,2024-11-02 00:00:00.000 UTC,44,-358539468370992014,0x88e6a0c2ddd26feeb64f039a2c41296fcb3f5640,3455,19547423630554780432888,19547782170023151424902,29694870407985379234104
58,2024-11-01 00:00:00.000 UTC,49,-3141914593328801303,0x88e6a0c2ddd26feeb64f039a2c41296fcb3f5640,4733,14203740473095629406060,14206882387688958207363,97054536961801827613011
70,2024-10-31 00:00:00.000 UTC,62,-453771168437032351,0x88e6a0c2ddd26feeb64f039a2c41296fcb3f5640,4574,20417764991349674652227,20418218762518111684578,93108375954399929576110
75,2024-10-30 00:00:00.000 UTC,51,2556093546492508369,0x88e6a0c2ddd26feeb64f039a2c41296fcb3f5640,4141,16320269957976853927163,16317713864430361418794,77380752349344266825951
80,2024-10-29 00:00:00.000 UTC,66,-147938342783038079,0x88e6a0c2ddd26feeb64f039a2c41296fcb3f5640,4263,17809428412566686109000,17809576350909469147079,63581282808721115408250
49,2024-10-28 00:00:00.000 UTC,45,672412467076591074,0x88e6a0c2ddd26feeb64f039a2c41296fcb3f5640,3810,10888086194618556591878,10887413782151480000804,59081569094073648399501
45,2024-10-27 00:00:00.000 UTC,43,-974208885254920259,0x88e6a0c2ddd26feeb64f039a2c41296fcb3f5640,2832,11476235885244895933799,11477210094130150854058,24131335864060335975724
46,2024-10-26 00:00:00.000 UTC,40,1828339411843157234,0x88e6a0c2ddd26feeb64f039a2c41296fcb3f5640,3790,14428460114160029135802,14426631774748185978568,33297581454794990126083
72,2024-10-25 00:00:00.000 UTC,64,-4652232404598572532,0x88e6a0c2ddd26feeb64f039a2c41296fcb3f5640,5077,11651715158394829393888,11656367390799427966420,92024099261108523617813
52,2024-10-24 00:00:00.000 UTC,44,71736930118890814,0x88e6a0c2ddd26feeb64f039a2c41296fcb3f5640,3901,14729177895162564170249,14729106158232445279435,47933960647437677549513
57,2024-10-23 00:00:00.000 UTC,57,2535914414408545489,0x88e6a0c2ddd26feeb64f039a2c41296fcb3f5640,3953,10444157801672247939628,10441621887257839394139,56935510669912985023455
47,2024-10-22 00:00:00.000 UTC,38,-79463210060154881,0x88e6a0c2ddd26feeb64f039a2c41296fcb3f5640,3578,15588276744703168694655,15588356207913228849536,42020997861040096736873
93,2024-10-21 00:00:00.000 UTC,59,-622084299184270669,0x88e6a0c2ddd26feeb64f039a2c41296fcb3f5640,3948,13324989514081811018506,13325611598380995289175,40880592629271892157630
85,2024-10-20 00:00:00.000 UTC,67,-307231491221592165,0x88e6a0c2ddd26feeb64f039a2c41296fcb3f5640,3156,13362234247166705527272,13362541478657927119437,29988414743470115359834
49,2024-10-19 00:00:00.000 UTC,43,13544733956321418,0x88e6a0c2ddd26feeb64f039a2c41296fcb3f5640,2694,11863823734652946189813,11863810189918989868395,14159959144260136311025
41,2024-10-18 00:00:00.000 UTC,38,202727197908935632,0x88e6a0c2ddd26feeb64f039a2c41296fcb3f5640,3222,3583448982820835660859,3583246255622926725227,40524862701784818913244
45,2024-10-17 00:00:00.000 UTC,29,-1476423280639097867,0x88e6a0c2ddd26feeb64f039a2c41296fcb3f5640,3610,5583911543344751770384,5585387966625390868251,49449945319051301929054
59,2024-10-16 00:00:00.000 UTC,41,1401636727542132650,0x88e6a0c2ddd26feeb64f039a2c41296fcb3f5640,4213,7531093982614561742884,7529692345887019610234,54152548802447039455559
45,2024-10-15 00:00:00.000 UTC,38,100234800920161202,0x88e6a0c2ddd26feeb64f039a2c41296fcb3f5640,4587,9165884070988998363958,9165783836188078202756,82545341993067045597098
86,2024-10-14 00:00:00.000 UTC,66,3012240840971884963,0x88e6a0c2ddd26feeb64f039a2c41296fcb3f5640,4660,25803584968701210383726,25800572727860238498763,86433050471159319236962
46,2024-10-13 00:00:00.000 UTC,35,124827788718075216,0x88e6a0c2ddd26feeb64f039a2c41296fcb3f5640,3641,23823120735816104754110,23822995908027386678894,23878653006930857159206
53,2024-10-12 00:00:00.000 UTC,42,371478727721032268,0x88e6a0c2ddd26feeb64f039a2c41296fcb3f5640,4464,17146477070179553932948,17146105591451832900680,41380666077077284662138
30,2024-10-11 00:00:00.000 UTC,34,1210852971781655,0x88e6a0c2ddd26feeb64f039a2c41296fcb3f5640,4363,5009859973042260833130,5009858762189289051475,47400897825769223814887
45,2024-10-10 00:00:00.000 UTC,39,14486129471668950,0x88e6a0c2ddd26feeb64f039a2c41296fcb3f5640,4405,8658209089584208693454,8658194603454737024504,53739167571658378999220
43,2024-10-09 00:00:00.000 UTC,36,30575532495685299,0x88e6a0c2ddd26feeb64f039a2c41296fcb3f5640,3958,11515501359665864182170,11515470784133368496871,53827955435597932537779
34,2024-10-08 00:00:00.000 UTC,30,-38346706256333276,0x88e6a0c2ddd26feeb64f039a2c41296fcb3f5640,3702,5241283489229297424838,5241321835935553758114,48774088347250049777267
60,2024-10-07 00:00:00.000 UTC,44,77599265884310887,0x88e6a0c2ddd26feeb64f039a2c41296fcb3f5640,4121,9792152838698153396805,9792075239432269085918,61204311120906584708764
46,2024-10-06 00:00:00.000 UTC,42,135784102055288667,0x88e6a0c2ddd26feeb64f039a2c41296fcb3f5640,3166,11948261324640022840379,11948125540537967551712,24208261182825806930875
52,2024-10-05 00:00:00.000 UTC,41,-1481018477960665302,0x88e6a0c2ddd26feeb64f039a2c41296fcb3f5640,3011,10011753884708024831866,10013234903185985497168,25222996719661897190221
75,2024-10-04 00:00:00.000 UTC,64,1562030938520802127,0x88e6a0c2ddd26feeb64f039a2c41296fcb3f5640,4585,24127725067688913374638,24126163036750392572511,69385883891832275429177
79,2024-10-03 00:00:00.000 UTC,73,-1009099642705234294,0x88e6a0c2ddd26feeb64f039a2c41296fcb3f5640,5055,10238685187507340813558,10239694287150046047852,82004393442342360930282
101,2024-10-02 00:00:00.000 UTC,82,-2525406186525152563,0x88e6a0c2ddd26feeb64f039a2c41296fcb3f5640,5084,25264362566109412602681,25266887972295937755244,99073117790310332626925
97,2024-10-01 00:00:00.000 UTC,81,-500043717647868815,0x88e6a0c2ddd26feeb64f039a2c41296fcb3f5640,5805,25013340847042830283859,25013840890760478152674,109054905081915855077264
69,2024-09-30 00:00:00.000 UTC,57,-61172813919008972,0x88e6a0c2ddd26feeb64f039a2c41296fcb3f5640,4132,8240531862158804165828,8240593034972723174800,76821304626120274803189
55,2024-09-29 00:00:00.000 UTC,42,-14288074375556529,0x88e6a0c2ddd26feeb64f039a2c41296fcb3f5640,3367,5867182072062108273942,5867196360136483830471,27886617968150701453764
63,2024-09-28 00:00:00.000 UTC,42,-9698906263294642480,0x88e6a0c2ddd26feeb64f039a2c41296fcb3f5640,3151,8568823288691298860875,8578522194954593503355,28782547595146922489707
65,2024-09-27 00:00:00.000 UTC,47,5920721078154019357,0x88e6a0c2ddd26feeb64f039a2c41296fcb3f5640,3785,7217267600236594763535,7211346879158440744178,42437110972718360728911
34,2024-09-26 00:00:00.000 UTC,29,-4634727490143669300,0x88e6a0c2ddd26feeb64f039a2c41296fcb3f5640,3764,8214783802945167992500,8219418530435311661800,63300482325074428942228
34,2024-09-25 00:00:00.000 UTC,28,-160312004142152146,0x88e6a0c2ddd26feeb64f039a2c41296fcb3f5640,3465,14698564270066216733303,14698724582070358885449,63364970709357029922654
41,2024-09-24 00:00:00.000 UTC,33,12295904041952304973,0x88e6a0c2ddd26feeb64f039a2c41296fcb3f5640,3473,8470295853727381098680,8457999949685428793707,53370680438353425644063
60,2024-09-23 00:00:00.000 UTC,44,-1216636019485188167,0x88e6a0c2ddd26feeb64f039a2c41296fcb3f5640,3985,9854246585044746589296,9855463221064231777463,58576775010575743179365
50,2024-09-22 00:00:00.000 UTC,49,-796412550637530543,0x88e6a0c2ddd26feeb64f039a2c41296fcb3f5640,3127,3010232536817867333742,3011028949368504864285,34115177799035144640006
66,2024-09-21 00:00:00.000 UTC,48,1937192122400755673,0x88e6a0c2ddd26feeb64f039a2c41296fcb3f5640,2956,6228020942015140622987,6226083749892739867314,23275401559876987388797
83,2024-09-20 00:00:00.000 UTC,58,-183589957119823910,0x88e6a0c2ddd26feeb64f039a2c41296fcb3f5640,4091,9312677649119492576173,9312861239076612400083,57839653109231558271184
56,2024-09-19 00:00:00.000 UTC,60,713608944982236212,0x88e6a0c2ddd26feeb64f039a2c41296fcb3f5640,4283,4847516372265410640205,4846802763320428403993,51729851807660629015092
84,2024-09-18 00:00:00.000 UTC,72,-1004658536002395829,0x88e6a0c2ddd26feeb64f039a2c41296fcb3f5640,4422,12152770893333673775818,12153775551869676171647,72070725739594109815770
83,2024-09-17 00:00:00.000 UTC,80,324770635411833219,0x88e6a0c2ddd26feeb64f039a2c41296fcb3f5640,4249,19712881813942878741174,19712557043307466907955,54566443501959052413106
102,2024-09-16 00:00:00.000 UTC,85,-47647792791268165,0x88e6a0c2ddd26feeb64f039a2c41296fcb3f5640,4824,31095027806363502708983,31095075454156293977148,62764393727530291886137
76,2024-09-15 00:00:00.000 UTC,66,-21045778187296608605,0x88e6a0c2ddd26feeb64f039a2c41296fcb3f5640,3836,24714377382372524845386,24735423160559821453991,36174353369455303438822
85,2024-09-14 00:00:00.000 UTC,62,205855376043080,0x88e6a0c2ddd26feeb64f039a2c41296fcb3f5640,3630,29869563969521112917920,29869563763665736874840,31054051558804897389047
132,2024-09-13 00:00:00.000 UTC,112,-2219033415390422862,0x88e6a0c2ddd26feeb64f039a2c41296fcb3f5640,4528,28026066343317242979370,28028285376732633402232,40864769264442258328367
93,2024-09-12 00:00:00.000 UTC,93,61884302339788695,0x88e6a0c2ddd26feeb64f039a2c41296fcb3f5640,4357,27223214683451514922292,27223152799149175133597,61333770093415854696741
91,2024-09-11 00:00:00.000 UTC,80,19684849783654786305,0x88e6a0c2ddd26feeb64f039a2c41296fcb3f5640,5449,25942351630741078219964,25922666780957423433659,67391415138167012845419
91,2024-09-10 00:00:00.000 UTC,82,221650184450264226,0x88e6a0c2ddd26feeb64f039a2c41296fcb3f5640,4773,25030601914827703945530,25030380264643253681304,51327976888893123214227
100,2024-09-09 00:00:00.000 UTC,90,-329821103003232116,0x88e6a0c2ddd26feeb64f039a2c41296fcb3f5640,5379,34992829641219810861395,34993159462322814093511,63518516817407054077920
88,2024-09-08 00:00:00.000 UTC,81,425267578586519489,0x88e6a0c2ddd26feeb64f039a2c41296fcb3f5640,4514,28563721968595058124008,28563296701016471604519,46854151175605693765906
150,2024-09-07 00:00:00.000 UTC,136,4036216851769460639,0x88e6a0c2ddd26feeb64f039a2c41296fcb3f5640,5185,40041683221069862705445,40037647004218093244806,44837782789977440651819
204,2024-09-06 00:00:00.000 UTC,159,-8893414659674769544,0x88e6a0c2ddd26feeb64f039a2c41296fcb3f5640,8457,52180624558006079464991,52189517972665754234535,194183548889754661452375
104,2024-09-05 00:00:00.000 UTC,116,7733852379919146484,0x88e6a0c2ddd26feeb64f039a2c41296fcb3f5640,5083,28201292343558014529496,28193558491178095383012,65777501706806555200850
145,2024-09-04 00:00:00.000 UTC,133,-258968274365914970,0x88e6a0c2ddd26feeb64f039a2c41296fcb3f5640,7202,44758468797628909616358,44758727765903275531328,85915807813958154979440
131,2024-09-03 00:00:00.000 UTC,125,-22934369338540636174,0x88e6a0c2ddd26feeb64f039a2c41296fcb3f5640,5200,45236954672824742374452,45259889042163283010626,53965019102440902321234
97,2024-09-02 00:00:00.000 UTC,96,20150199724451704167,0x88e6a0c2ddd26feeb64f039a2c41296fcb3f5640,4382,31523992584521844350594,31503842384797392646427,52117451568939598156283
147,2024-09-01 00:00:00.000 UTC,140,-2866590073371476286,0x88e6a0c2ddd26feeb64f039a2c41296fcb3f5640,5345,78966601380051290483595,78969467970124661959881,51144737183500872501109
96,2024-08-31 00:00:00.000 UTC,100,1908792782737530050,0x88e6a0c2ddd26feeb64f039a2c41296fcb3f5640,3728,30102939017507899358737,30101030224725161828687,17136992612380857865630
171,2024-08-30 00:00:00.000 UTC,159,199793628783761676,0x88e6a0c2ddd26feeb64f039a2c41296fcb3f5640,5780,67070695202047034440434,67070495408418250678758,62424993565446241226260
160,2024-08-29 00:00:00.000 UTC,160,-5637190273137395951,0x88e6a0c2ddd26feeb64f039a2c41296fcb3f5640,5126,74242428428081804384764,74248065618354941780715,52900500321689997035077
214,2024-08-28 00:00:00.000 UTC,197,-7720928580470368377,0x88e6a0c2ddd26feeb64f039a2c41296fcb3f5640,6980,76066519220339456174281,76074240148919926542658,97033324265588292530989
213,2024-08-27 00:00:00.000 UTC,196,-3257909974224386503,0x88e6a0c2ddd26feeb64f039a2c41296fcb3f5640,6431,101176709634335615960803,101179967544309840347306,96251966854033600474577
167,2024-08-26 00:00:00.000 UTC,165,9137025125196785945,0x88e6a0c2ddd26feeb64f039a2c41296fcb3f5640,4503,61311454235468647391443,61302317210343450605498,35194840621191142014484
109,2024-08-25 00:00:00.000 UTC,116,-481303837628020806,0x88e6a0c2ddd26feeb64f039a2c41296fcb3f5640,4179,46278342982155557803832,46278824285993185824638,24837875057885689821799
176,2024-08-24 00:00:00.000 UTC,156,6827860932255594482,0x88e6a0c2ddd26feeb64f039a2c41296fcb3f5640,5334,62506290394800944508661,62499462533868688914179,35456618134859540017056
179,2024-08-23 00:00:00.000 UTC,156,-2422655332759011475,0x88e6a0c2ddd26feeb64f039a2c41296fcb3f5640,5800,52889375215420057846777,52891797870752816858252,63929319012898371493091
115,2024-08-22 00:00:00.000 UTC,122,2689897686318267843,0x88e6a0c2ddd26feeb64f039a2c41296fcb3f5640,4753,52432064317827975156491,52429374420141656888648,37198231900449918308219
150,2024-08-21 00:00:00.000 UTC,134,-151365595009891348,0x88e6a0c2ddd26feeb64f039a2c41296fcb3f5640,5865,80860239980260807246993,80860391345855817138341,61129501687239702101868
156,2024-08-20 00:00:00.000 UTC,154,-3735793033596240453,0x88e6a0c2ddd26feeb64f039a2c41296fcb3f5640,6783,75829622179910942009697,75833357972944538250150,59303973580110800007929
144,2024-08-19 00:00:00.000 UTC,124,1724763170822739579,0x88e6a0c2ddd26feeb64f039a2c41296fcb3f5640,4735,67321265901877538233379,67319541138706715493800,50390888409209246427673
129,2024-08-18 00:00:00.000 UTC,125,-6108233861570237657,0x88e6a0c2ddd26feeb64f039a2c41296fcb3f5640,3718,46509924459491711208425,46516032693353281446082,29158878240969732747657
91,2024-08-17 00:00:00.000 UTC,103,2457184121166967337,0x88e6a0c2ddd26feeb64f039a2c41296fcb3f5640,3868,39895422378673585168947,39892965194552418201610,19856158472127857183204
146,2024-08-16 00:00:00.000 UTC,122,3616342249459298584,0x88e6a0c2ddd26feeb64f039a2c41296fcb3f5640,5282,60236246511136348558489,60232630168886889259905,61471113050559257544137
99,2024-08-15 00:00:00.000 UTC,93,-7983685137286937617,0x88e6a0c2ddd26feeb64f039a2c41296fcb3f5640,5589,55608483900950240323577,55616467586087527261194,92028477775473622138238
111,2024-08-14 00:00:00.000 UTC,111,3646166190808970199,0x88e6a0c2ddd26feeb64f039a2c41296fcb3f5640,5225,46839547680031325177553,46835901513840516207354,64509698751028619180048
183,2024-08-13 00:00:00.000 UTC,178,4473670617404203219,0x88e6a0c2ddd26feeb64f039a2c41296fcb3f5640,5424,65196770994332653426823,65192297323715249223604,65613288110264697600329
159,2024-08-12 00:00:00.000 UTC,145,2864076949228890646,0x88e6a0c2ddd26feeb64f039a2c41296fcb3f5640,6437,39280074833981398665201,39277210757032169774555,68371020259934671849496
177,2024-08-11 00:00:00.000 UTC,177,-10085177285096994720,0x88e6a0c2ddd26feeb64f039a2c41296fcb3f5640,5888,45023616450220377581235,45033701627505474575955,43537787442785343436084
137,2024-08-10 00:00:00.000 UTC,137,9333628051549274888,0x88e6a0c2ddd26feeb64f039a2c41296fcb3f5640,4532,31886032786231616024796,31876699158180066749908,28920609506610286069351
147,2024-08-09 00:00:00.000 UTC,135,-719226470734473312,0x88e6a0c2ddd26feeb64f039a2c41296fcb3f5640,9176,27996790672621149928989,27997509899091884402301,50280559199801020006117
169,2024-08-08 00:00:00.000 UTC,161,-206448853547721021,0x88e6a0c2ddd26feeb64f039a2c41296fcb3f5640,9123,25371352230277340690593,25371558679130888411614,77191409835689410224500
183,2024-08-07 00:00:00.000 UTC,193,-5698945596501070901,0x88e6a0c2ddd26feeb64f039a2c41296fcb3f5640,11475,39154968146750433245043,39160667092346934315944,114391089112876386126275
190,2024-08-06 00:00:00.000 UTC,198,-995562416898521837,0x88e6a0c2ddd26feeb64f039a2c41296fcb3f5640,10699,46153913176606566299760,46154908739023464821597,131296574006743478707317
371,2024-08-05 00:00:00.000 UTC,341,3178508634156270073,0x88e6a0c2ddd26feeb64f039a2c41296fcb3f5640,18212,34694448854402607999591,34691270345768451729518,586738649794142428310873
227,2024-08-04 00:00:00.000 UTC,199,-1014139955710597532,0x88e6a0c2ddd26feeb64f039a2c41296fcb3f5640,8351,42080435313793641833640,42081449453749352431172,75484186263572887553954
153,2024-08-03 00:00:00.000 UTC,142,566883709965095303,0x88e6a0c2ddd26feeb64f039a2c41296fcb3f5640,8235,39764530255681576065093,39763963371971610969790,157841770789298344450237
129,2024-08-02 00:00:00.000 UTC,126,3892097370795005492,0x88e6a0c2ddd26feeb64f039a2c41296fcb3f5640,6953,30096417524972647784680,30092525427601852779188,73771326682576702043057
95,2024-08-01 00:00:00.000 UTC,89,-511655416515581258,0x88e6a0c2ddd26feeb64f039a2c41296fcb3f5640,5840,11091056281337091545638,11091567936753607126896,69683659608685607519110
90,2024-07-31 00:00:00.000 UTC,70,3591867377138601338,0x88e6a0c2ddd26feeb64f039a2c41296fcb3f5640,5986,20215223395683585732721,20211631528306447131383,98110432424093998415883
74,2024-07-30 00:00:00.000 UTC,76,12294651240990713575,0x88e6a0c2ddd26feeb64f039a2c41296fcb3f5640,6098,18760030377446648501159,18747735726205657787584,87376591777553990175022
160,2024-07-29 00:00:00.000 UTC,131,-15062745394626437723,0x88e6a0c2ddd26feeb64f039a2c41296fcb3f5640,7485,39162324929846639612953,39177387675241266050676,90103267119989821685176
79,2024-07-28 00:00:00.000 UTC,80,385367624550326436,0x88e6a0c2ddd26feeb64f039a2c41296fcb3f5640,4601,27069054226929715914012,27068668859305165587576,27520399807723345416513
80,2024-07-27 00:00:00.000 UTC,74,-7785755580108454039,0x88e6a0c2ddd26feeb64f039a2c41296fcb3f5640,5232,18593002901937559006616,18600788657517667460655,67307418642231072450901
119,2024-07-26 00:00:00.000 UTC,109,17999159801583097063,0x88e6a0c2ddd26feeb64f039a2c41296fcb3f5640,6281,29408984916128522867975,29390985756326939770912,56175528244898783471478
181,2024-07-25 00:00:00.000 UTC,150,-12221133809047948716,0x88e6a0c2ddd26feeb64f039a2c41296fcb3f5640,7871,29200001036294815620586,29212222170103863569302,92617911681723359839180
88,2024-07-24 00:00:00.000 UTC,83,9843811421087981864,0x88e6a0c2ddd26feeb64f039a2c41296fcb3f5640,5194,17151902537026852123368,17142058725605764141504,99324599429516520309463
111,2024-07-23 00:00:00.000 UTC,104,-20193262938029272190,0x88e6a0c2ddd26feeb64f039a2c41296fcb3f5640,6676,27149949852905210479018,27170143115843239751208,171674465617999168776276
78,2024-07-22 00:00:00.000 UTC,70,32970882884408265706,0x88e6a0c2ddd26feeb64f039a2c41296fcb3f5640,5799,19505532679892204124274,19472561797007795858568,108687947321710245621909
58,2024-07-21 00:00:00.000 UTC,47,-56010347905990260853,0x88e6a0c2ddd26feeb64f039a2c41296fcb3f5640,5782,10556937217886765945781,10612947565792756206634,99394486359329367200974
79,2024-07-20 00:00:00.000 UTC,68,51466340195175722403,0x88e6a0c2ddd26feeb64f039a2c41296fcb3f5640,5426,22013653683929753942284,21962187343734578219881,61571903097246812599362
77,2024-07-19 00:00:00.000 UTC,80,-11934975870660001216,0x88e6a0c2ddd26feeb64f039a2c41296fcb3f5640,5591,19030635756494505362688,19042570732365165363904,115688423490790004499260
28,2024-07-18 00:00:00.000 UTC,30,15342713585860288684,0x88e6a0c2ddd26feeb64f039a2c41296fcb3f5640,5368,6248832308896740091569,6233489595310879802885,92028598105546928160810
71,2024-07-17 00:00:00.000 UTC,54,-995727490939340872,0x88e6a0c2ddd26feeb64f039a2c41296fcb3f5640,5589,11239141475997043524218,11240137203487982865090,108690603740684671141906
138,2024-07-16 00:00:00.000 UTC,114,-14587067524645711995,0x88e6a0c2ddd26feeb64f039a2c41296fcb3f5640,6815,29415838377692805578449,29430425445217451290444,130156324868238596720994
142,2024-07-15 00:00:00.000 UTC,125,2723974087450695492,0x88e6a0c2ddd26feeb64f039a2c41296fcb3f5640,6968,25126665745333318414474,25123941771245867718982,114866173533912441753680
85,2024-07-14 00:00:00.000 UTC,75,15162126168095241607,0x88e6a0c2ddd26feeb64f039a2c41296fcb3f5640,5076,17627758614032126927059,17612596487864031685452,24410596293820622127205
69,2024-07-13 00:00:00.000 UTC,67,-346621905215140741,0x88e6a0c2ddd26feeb64f039a2c41296fcb3f5640,4929,18576721854439661437252,18577068476344876577993,19456904025154535431650
79,2024-07-12 00:00:00.000 UTC,84,458449828679586466,0x88e6a0c2ddd26feeb64f039a2c41296fcb3f5640,5976,16738614795134433136631,16738156345305753550165,43671109568152149739705
86,2024-07-11 00:00:00.000 UTC,76,-704100055867613777,0x88e6a0c2ddd26feeb64f039a2c41296fcb3f5640,6117,16753511474281453755824,16754215574337321369601,44972618510266467833920
65,2024-07-10 00:00:00.000 UTC,61,-35306826427189887194,0x88e6a0c2ddd26feeb64f039a2c41296fcb3f5640,5632,12895543490640854535265,12930850317068044422459,36156345858573231518986
79,2024-07-09 00:00:00.000 UTC,53,-3364767512502897001,0x88e6a0c2ddd26feeb64f039a2c41296fcb3f5640,6691,15166406675464074170665,15169771442976577067666,46085685745052241580426
156,2024-07-08 00:00:00.000 UTC,131,489715843611233897,0x88e6a0c2ddd26feeb64f039a2c41296fcb3f5640,8419,24886600958761926474801,24886111242918315240904,70485467621697305601534
96,2024-07-07 00:00:00.000 UTC,81,-23612545216162711641,0x88e6a0c2ddd26feeb64f039a2c41296fcb3f5640,6131,16872589098191422330706,16896201643407585042347,23449511452808636481494
112,2024-07-06 00:00:00.000 UTC,93,23438404106684946030,0x88e6a0c2ddd26feeb64f039a2c41296fcb3f5640,5850,18777961463124405938715,18754523059017720992685,26500951768933174084177
206,2024-07-05 00:00:00.000 UTC,183,-400362575253497424,0x88e6a0c2ddd26feeb64f039a2c41296fcb3f5640,9949,13534255146797113169239,13534655509372366666663,152798731597615743941718
210,2024-07-04 00:00:00.000 UTC,169,-878989393589083886,0x88e6a0c2ddd26feeb64f039a2c41296fcb3f5640,8207,38802688247075615631000,38803567236469204714886,109408455687566269758080
116,2024-07-03 00:00:00.000 UTC,109,16733549416649111194,0x88e6a0c2ddd26feeb64f039a2c41296fcb3f5640,6488,38883002843895426301909,38866269294478777190715,77120524305313942376032
71,2024-07-02 00:00:00.000 UTC,64,1684283092488995051,0x88e6a0c2ddd26feeb64f039a2c41296fcb3f5640,5247,20634377050528750233770,20632692767436261238719,31138122669184503534172
132,2024-07-01 00:00:00.000 UTC,123,948325353493288493,0x88e6a0c2ddd26feeb64f039a2c41296fcb3f5640,5728,49512728590495213501808,49511780265141720213315,57280363009784841601727
102,2024-06-30 00:00:00.000 UTC,101,442125412767472098,0x88e6a0c2ddd26feeb64f039a2c41296fcb3f5640,5682,53964155135857198694833,53963713010444431222735,29389019434479515509996
91,2024-06-29 00:00:00.000 UTC,78,-179234766297383551,0x88e6a0c2ddd26feeb64f039a2c41296fcb3f5640,5126,33341560080839680291734,33341739315605977675285,16260025553321744819462
85,2024-06-28 00:00:00.000 UTC,93,524035750569209936,0x88e6a0c2ddd26feeb64f039a2c41296fcb3f5640,6293,37173687506080156859005,37173163470329587649069,56785801371177821655525
80,2024-06-27 00:00:00.000 UTC,75,-1879363075851540881477,0x88e6a0c2ddd26feeb64f039a2c41296fcb3f5640,5660,22708568756200537681995,24587931832052078563472,89685913358192559704273
72,2024-06-26 00:00:00.000 UTC,59,-15704153746581927991101,0x88e6a0c2ddd26feeb64f039a2c41296fcb3f5640,5768,15109846922069113535256,30814000668651041526357,59668448778499403697126
59,2024-06-25 00:00:00.000 UTC,64,1882893681385326122247,0x88e6a0c2ddd26feeb64f039a2c41296fcb3f5640,6866,25040263645395570094293,23157369964010243972046,81767618962216057679165
160,2024-06-24 00:00:00.000 UTC,141,-1880312356705924199952,0x88e6a0c2ddd26feeb64f039a2c41296fcb3f5640,9974,32092637058387703377746,33972949415093627577698,242051702543355383761573
85,2024-06-23 00:00:00.000 UTC,66,1883607615044496909014,0x88e6a0c2ddd26feeb64f039a2c41296fcb3f5640,6388,36198935698969066951057,34315328083924570042043,88235062943325759553821
73,2024-06-22 00:00:00.000 UTC,55,-512798627548547396,0x88e6a0c2ddd26feeb64f039a2c41296fcb3f5640,5303,18461144428179543734845,18461657226807092282241,23403784722134636182610
72,2024-06-21 00:00:00.000 UTC,65,-161183943373364094,0x88e6a0c2ddd26feeb64f039a2c41296fcb3f5640,6596,22264704762426597545805,22264865946369970909899,90152957890383890937242
42,2024-06-20 00:00:00.000 UTC,45,20421963416426646546,0x88e6a0c2ddd26feeb64f039a2c41296fcb3f5640,6237,18420160401821243062637,18399738438404816416091,70574418072432448848340
67,2024-06-19 00:00:00.000 UTC,65,728651642131785648,0x88e6a0c2ddd26feeb64f039a2c41296fcb3f5640,6818,24919739658519255494620,24919011006877123708972,68220574726146351311587
93,2024-06-18 00:00:00.000 UTC,90,-1396646681305555997,0x88e6a0c2ddd26feeb64f039a2c41296fcb3f5640,11434,26003119375547776608457,26004516022229082164454,109585777414415092572613
94,2024-06-17 00:00:00.000 UTC,81,897177547682095213,0x88e6a0c2ddd26feeb64f039a2c41296fcb3f5640,7060,40457416578466479666352,40456519400918797571139,86686948676812498319480
84,2024-06-16 00:00:00.000 UTC,68,-7526050322177784991,0x88e6a0c2ddd26feeb64f039a2c41296fcb3f5640,5525,22506502793908700932182,22514028844230878717173,39105865437019171629908
74,2024-06-15 00:00:00.000 UTC,67,2376696278137427188,0x88e6a0c2ddd26feeb64f039a2c41296fcb3f5640,5228,20802026075172324853796,20799649378894187426608,40050567224291543904815
101,2024-06-14 00:00:00.000 UTC,92,-17177875666445551330,0x88e6a0c2ddd26feeb64f039a2c41296fcb3f5640,6797,26061318872514852004236,26078496748181297555566,90622184411884094408369
78,2024-06-13 00:00:00.000 UTC,75,21894419684328276753,0x88e6a0c2ddd26feeb64f039a2c41296fcb3f5640,6897,15929242825815746248076,15907348406131417971323,79282686158914228936055
81,2024-06-12 00:00:00.000 UTC,61,-23475857201862935062,0x88e6a0c2ddd26feeb64f039a2c41296fcb3f5640,6189,19680457461062953135506,19703933318264816070568,84684472198034942894876
178,2024-06-11 00:00:00.000 UTC,161,-57976398272885489,0x88e6a0c2ddd26feeb64f039a2c41296fcb3f5640,7741,41104355037040960668757,41104413013439233554246,105784421618958547863400
88,2024-06-10 00:00:00.000 UTC,81,21945685676576018700,0x88e6a0c2ddd26feeb64f039a2c41296fcb3f5640,6126,41452822502734112800764,41430876817057536782064,69547883860821741863336
64,2024-06-09 00:00:00.000 UTC,79,3466853169965385017,0x88e6a0c2ddd26feeb64f039a2c41296fcb3f5640,5138,38414454551590455115962,38410987698420489730945,21789645422753849712706
85,2024-06-08 00:00:00.000 UTC,89,146613126375678609,0x88e6a0c2ddd26feeb64f039a2c41296fcb3f5640,5470,45267884310431331603281,45267737697304955924672,23904579174146908623577
70,2024-06-07 00:00:00.000 UTC,60,3264035739559511899,0x88e6a0c2ddd26feeb64f039a2c41296fcb3f5640,5885,15129909237306072088047,15126645201566512576148,55288870711753519327586
58,2024-06-06 00:00:00.000 UTC,55,2427919453767302565,0x88e6a0c2ddd26feeb64f039a2c41296fcb3f5640,5069,17532117519254050176646,17529689599800282874081,40908420901975024255201
53,2024-06-05 00:00:00.000 UTC,49,720183081469634769,0x88e6a0c2ddd26feeb64f039a2c41296fcb3f5640,5511,15074445704569937080452,15073725521488467445683,50595523633135772351919
67,2024-06-04 00:00:00.000 UTC,59,-1704161781353907740,0x88e6a0c2ddd26feeb64f039a2c41296fcb3f5640,5461,26334065098037516083315,26335769259818869991055,55117626895171131555273
63,2024-06-03 00:00:00.000 UTC,61,297847535478059245,0x88e6a0c2ddd26feeb64f039a2c41296fcb3f5640,5146,23392913837363496185672,23392615989828018126427,49956882584976342836271
56,2024-06-02 00:00:00.000 UTC,50,-2598580896264175327,0x88e6a0c2ddd26feeb64f039a2c41296fcb3f5640,4921,6275188172995751878901,6277786753892016054228,39403538024687025640276
72,2024-06-01 00:00:00.000 UTC,72,2883675881155834599,0x88e6a0c2ddd26feeb64f039a2c41296fcb3f5640,5018,21668839021836821179422,21665955345955665344823,30448111013022777499876
85,2024-05-31 00:00:00.000 UTC,75,-1734426161400735416030,0x88e6a0c2ddd26feeb64f039a2c41296fcb3f5640,5984,21649933888161722839862,23384360049562458255892,139043746170394727974786
103,2024-05-30 00:00:00.000 UTC,95,1733680418925435518871,0x88e6a0c2ddd26feeb64f039a2c41296fcb3f5640,6096,41840399687693667899339,40106719268768232380468,108746644491041717686563
79,2024-05-29 00:00:00.000 UTC,89,-667775087293451354,0x88e6a0c2ddd26feeb64f039a2c41296fcb3f5640,6863,24946020122958145985925,24946687898045439437279,266365329261690303198772
107,2024-05-28 00:00:00.000 UTC,108,545463515143496575,0x88e6a0c2ddd26feeb64f039a2c41296fcb3f5640,6407,18787929216692510372339,18787383753177366875764,81170335051879486401904
127,2024-05-27 00:00:00.000 UTC,115,-939348007814727174,0x88e6a0c2ddd26feeb64f039a2c41296fcb3f5640,6778,26096883686926413761458,26097823034934228488632,89804653030846949081640
137,2024-05-26 00:00:00.000 UTC,121,-1707007688193305165505,0x88e6a0c2ddd26feeb64f039a2c41296fcb3f5640,7009,39802832107057770278020,41509839795251075443525,187856905216911519508704
79,2024-05-25 00:00:00.000 UTC,90,243238288251980799,0x88e6a0c2ddd26feeb64f039a2c41296fcb3f5640,6046,22703630277662915274243,22703387039374663293444,41983147860352179545631
151,2024-05-24 00:00:00.000 UTC,140,1708696227688837857428,0x88e6a0c2ddd26feeb64f039a2c41296fcb3f5640,7887,30098616432777660640767,28389920205088822783339,148175549215441607588435
202,2024-05-23 00:00:00.000 UTC,177,-911017644771949456,0x88e6a0c2ddd26feeb64f039a2c41296fcb3f5640,9914,40613965306808107871620,40614876324452879821076,342803533428112808025380
142,2024-05-22 00:00:00.000 UTC,121,692902830793743111,0x88e6a0c2ddd26feeb64f039a2c41296fcb3f5640,7854,40266581569338999709499,40265888666508205966388,142405022592953716242721
274,2024-05-21 00:00:00.000 UTC,220,-32642972996867258239,0x88e6a0c2ddd26feeb64f039a2c41296fcb3f5640,9986,58298873714655284743384,58331516687652152001623,229847473412828807267589
208,2024-05-20 00:00:00.000 UTC,163,6822923649820565287,0x88e6a0c2ddd26feeb64f039a2c41296fcb3f5640,9249,34851807822524139227588,34844984898874318662301,187721403539338181659089
117,2024-05-19 00:00:00.000 UTC,117,-2204355594704651959,0x88e6a0c2ddd26feeb64f039a2c41296fcb3f5640,6377,29124347598035187387587,29126551953629892039546,40187369980718101855694
127,2024-05-18 00:00:00.000 UTC,111,-2660473012202349092,0x88e6a0c2ddd26feeb64f039a2c41296fcb3f5640,6579,50252226987408426132108,50254887460420628481200,33687078690209801453947
179,2024-05-17 00:00:00.000 UTC,167,-1238790628865883354,0x88e6a0c2ddd26feeb64f039a2c41296fcb3f5640,7345,56311048481094052429620,56312287271722918312974,67333315407527292507068
129,2024-05-16 00:00:00.000 UTC,131,-11028074453519193875,0x88e6a0c2ddd26feeb64f039a2c41296fcb3f5640,7010,45889732700537423174050,45900760774990942367925,54951875892854634525626
128,2024-05-15 00:00:00.000 UTC,123,37687708068743575725,0x88e6a0c2ddd26feeb64f039a2c41296fcb3f5640,7768,35736682011820553063387,35698994303751809487662,61399727554422817643608
156,2024-05-14 00:00:00.000 UTC,151,-628047483878124732,0x88e6a0c2ddd26feeb64f039a2c41296fcb3f5640,7197,52874386854270050273075,52875014901753928397807,56470830906235560810875
127,2024-05-13 00:00:00.000 UTC,124,-1662139617302423753,0x88e6a0c2ddd26feeb64f039a2c41296fcb3f5640,7194,40840524135983637925015,40842186275600940348768,50825996707497920133451
67,2024-05-12 00:00:00.000 UTC,76,-3583662948587506327,0x88e6a0c2ddd26feeb64f039a2c41296fcb3f5640,5344,25180167185377593918859,25183750848326181425186,16845886966211361472724
87,2024-05-11 00:00:00.000 UTC,85,-4779333668864501382,0x88e6a0c2ddd26feeb64f039a2c41296fcb3f5640,5159,22563240805111879723075,22568020138780744224457,29509496390525330654725
126,2024-05-10 00:00:00.000 UTC,115,-6991014056102180022,0x88e6a0c2ddd26feeb64f039a2c41296fcb3f5640,7195,39249271952752849262553,39256262966808951442575,67766627198669767794268
123,2024-05-09 00:00:00.000 UTC,117,-12335887161889883792,0x88e6a0c2ddd26feeb64f039a2c41296fcb3f5640,7661,50420271981945861383061,50432607869107751266853,59986168118052891975475
158,2024-05-08 00:00:00.000 UTC,148,-10579545122452380928,0x88e6a0c2ddd26feeb64f039a2c41296fcb3f5640,7660,58665067820712108931967,58675647365834561312895,99815034158567307863260
104,2024-05-07 00:00:00.000 UTC,100,25972446384922494553,0x88e6a0c2ddd26feeb64f039a2c41296fcb3f5640,7055,37602822288495779605809,37576849842110857111256,73092524017734220438532
110,2024-05-06 00:00:00.000 UTC,111,-353455126967648062,0x88e6a0c2ddd26feeb64f039a2c41296fcb3f5640,7666,28962427559425026575436,28962781014551994223498,71482532755701804535225
84,2024-05-05 00:00:00.000 UTC,78,-19675702838395029568,0x88e6a0c2ddd26feeb64f039a2c41296fcb3f5640,5914,27088920899299903495989,27108596602138298525557,48059139488056812960793
91,2024-05-04 00:00:00.000 UTC,88,23824880577572088217,0x88e6a0c2ddd26feeb64f039a2c41296fcb3f5640,5921,23013670501362161955941,22989845620784589867724,41113149999245961950292
142,2024-05-03 00:00:00.000 UTC,124,1695494054536778031,0x88e6a0c2ddd26feeb64f039a2c41296fcb3f5640,7007,32642361380319321625700,32640665886264784847669,64405290881913384921726
109,2024-05-02 00:00:00.000 UTC,117,4408823247410660655,0x88e6a0c2ddd26feeb64f039a2c41296fcb3f5640,6960,28430726516779300984528,28426317693531890323873,105739251501883722252538
183,2024-05-01 00:00:00.000 UTC,184,-18774266366327569439,0x88e6a0c2ddd26feeb64f039a2c41296fcb3f5640,9583,44323982701852801179266,44342756968219128748705,154041963136198766843290
157,2024-04-30 00:00:00.000 UTC,133,-2937404219370475230,0x88e6a0c2ddd26feeb64f039a2c41296fcb3f5640,8333,33720958564100108152876,33723895968319478628106,113394926825365614777768
112,2024-04-29 00:00:00.000 UTC,109,8449370375529517468,0x88e6a0c2ddd26feeb64f039a2c41296fcb3f5640,6490,20421147073520659407892,20412697703145129890424,85310830639587182152868
148,2024-04-28 00:00:00.000 UTC,129,6630691028654685552,0x88e6a0c2ddd26feeb64f039a2c41296fcb3f5640,5701,36330459761502604327079,36323829070473949641527,65903363101588839371654
89,2024-04-27 00:00:00.000 UTC,84,1350656020529744163,0x88e6a0c2ddd26feeb64f039a2c41296fcb3f5640,6503,14327924615426449175508,14326573959405919431345,58237790822499951878910
86,2024-04-26 00:00:00.000 UTC,66,1708523988910152179,0x88e6a0c2ddd26feeb64f039a2c41296fcb3f5640,6435,14907437008153545831415,14905728484164635679236,54333029029119666337462
409,2024-04-25 00:00:00.000 UTC,100,-4149717664541353458,0x88e6a0c2ddd26feeb64f039a2c41296fcb3f5640,6635,26426373020023101745500,26430522737687643098958,77279164239016347320664
89,2024-04-24 00:00:00.000 UTC,93,5038591085196728819,0x88e6a0c2ddd26feeb64f039a2c41296fcb3f5640,6662,14312937077728947622214,14307898486643750893395,74182198049996868930485
95,2024-04-23 00:00:00.000 UTC,89,-2247786250251804659,0x88e6a0c2ddd26feeb64f039a2c41296fcb3f5640,6795,20097221437280995196254,20099469223531247000913,58713711609071242810497
131,2024-04-22 00:00:00.000 UTC,115,262722065080674349,0x88e6a0c2ddd26feeb64f039a2c41296fcb3f5640,6591,31776051995162937000899,31775789273097856326550,73359313972898319082435
90,2024-04-21 00:00:00.000 UTC,78,1611377821434721364,0x88e6a0c2ddd26feeb64f039a2c41296fcb3f5640,5572,15577971480499413123943,15576360102677978402579,51379424317545264749418
96,2024-04-20 00:00:00.000 UTC,101,-139369873741230465,0x88e6a0c2ddd26feeb64f039a2c41296fcb3f5640,6050,23911153783107638296148,23911293152981379526613,58762755055688332599623
90,2024-04-19 00:00:00.000 UTC,95,312384347531907304,0x88e6a0c2ddd26feeb64f039a2c41296fcb3f5640,8980,19485250339588972678524,19484937955241440771220,144555893525411757428406
82,2024-04-18 00:00:00.000 UTC,75,1861535326566493391,0x88e6a0c2ddd26feeb64f039a2c41296fcb3f5640,7213,13859323819185627409969,13857462283859060916578,96729114182371419240664
88,2024-04-17 00:00:00.000 UTC,75,-2453682473405996634,0x88e6a0c2ddd26feeb64f039a2c41296fcb3f5640,7080,14093419807975957194107,14095873490449363190741,103135370051414527338501
99,2024-04-16 00:00:00.000 UTC,94,-1493869114639643760,0x88e6a0c2ddd26feeb64f039a2c41296fcb3f5640,8020,17174306537075544879145,17175800406190184522905,117459799701265863493663
128,2024-04-15 00:00:00.000 UTC,129,-265122762932212530,0x88e6a0c2ddd26feeb64f039a2c41296fcb3f5640,8632,34134099048725450676076,34134364171488382888606,158563996547065391592548
191,2024-04-14 00:00:00.000 UTC,173,3158229771290180775,0x88e6a0c2ddd26feeb64f039a2c41296fcb3f5640,10197,40312209409679366533025,40309051179908076352250,178524948736871446612203
102,2024-04-13 00:00:00.000 UTC,94,-8290294846024298127,0x88e6a0c2ddd26feeb64f039a2c41296fcb3f5640,8750,12380837819591889249667,12389128114437913547794,198580953867743103093877
80,2024-04-12 00:00:00.000 UTC,76,-60892673039630394551,0x88e6a0c2ddd26feeb64f039a2c41296fcb3f5640,7968,11065706328155156699651,11126599001194787094202,171904668270648672543171
70,2024-04-11 00:00:00.000 UTC,64,55731437996095008200,0x88e6a0c2ddd26feeb64f039a2c41296fcb3f5640,6802,19723748479533343841862,19668017041537248833662,149868672626922965799978
79,2024-04-10 00:00:00.000 UTC,75,-53953669992385402795,0x88e6a0c2ddd26feeb64f039a2c41296fcb3f5640,7042,12661156251867443113531,12715109921859828516326,126042538997016088396702
70,2024-04-09 00:00:00.000 UTC,62,17425350260009889448,0x88e6a0c2ddd26feeb64f039a2c41296fcb3f5640,6665,8275141185532656803697,8257715835272646914249,147227119213383612724911
133,2024-04-08 00:00:00.000 UTC,121,-14030451816574013258,0x88e6a0c2ddd26feeb64f039a2c41296fcb3f5640,6809,22565897302462743931941,22579927754279317945199,144236638433600086287587
65,2024-04-07 00:00:00.000 UTC,74,58654410675619247925,0x88e6a0c2ddd26feeb64f039a2c41296fcb3f5640,5552,17288092433372489479181,17229438022696870231256,93835325596009987107262
68,2024-04-06 00:00:00.000 UTC,65,1096371672762444195,0x88e6a0c2ddd26feeb64f039a2c41296fcb3f5640,5378,15607994871796752011241,15606898500123989567046,33751044453306273723378
102,2024-04-05 00:00:00.000 UTC,101,-925608472343146757,0x88e6a0c2ddd26feeb64f039a2c41296fcb3f5640,6710,19660315067614151528358,19661240676086494675115,87500895170732953069195
58,2024-04-04 00:00:00.000 UTC,50,-6117013684881275335,0x88e6a0c2ddd26feeb64f039a2c41296fcb3f5640,6150,7199195393602102450905,7205312407286983726240,67667691368256576169044
67,2024-04-03 00:00:00.000 UTC,65,1943529728884973268,0x88e6a0c2ddd26feeb64f039a2c41296fcb3f5640,6424,17095669204440944697702,17093725674712059724434,76185904823956275035484
102,2024-04-02 00:00:00.000 UTC,103,10792832458931605314,0x88e6a0c2ddd26feeb64f039a2c41296fcb3f5640,8225,12903712076640875944459,12892919244181944339145,115437767414578636424190
107,2024-04-01 00:00:00.000 UTC,100,-7834723145579398952,0x88e6a0c2ddd26feeb64f039a2c41296fcb3f5640,7031,20327737126049102644486,20335571849194682043438,80623754603017465013197
59,2024-03-31 00:00:00.000 UTC,47,-51930099188557211893,0x88e6a0c2ddd26feeb64f039a2c41296fcb3f5640,6001,7544997974696562475808,7596928073885119687701,49667291684552519399534
54,2024-03-30 00:00:00.000 UTC,51,50160336468177083647,0x88e6a0c2ddd26feeb64f039a2c41296fcb3f5640,6271,7080316122487278295115,7030155786019101211468,39912363464383176380936
57,2024-03-29 00:00:00.000 UTC,54,-326050167967382075,0x88e6a0c2ddd26feeb64f039a2c41296fcb3f5640,6529,9718667050623732454418,9718993100791699836493,65349858335339354904013
50,2024-03-28 00:00:00.000 UTC,53,2713591000881046624,0x88e6a0c2ddd26feeb64f039a2c41296fcb3f5640,6390,11518622332384037488100,11515908741383156441476,75957153376540346389053
72,2024-03-27 00:00:00.000 UTC,69,-2960286190716837212,0x88e6a0c2ddd26feeb64f039a2c41296fcb3f5640,6687,11793303351957944093835,11796263638148660931047,100084827737133952583342
78,2024-03-26 00:00:00.000 UTC,75,-3034556102204260524,0x88e6a0c2ddd26feeb64f039a2c41296fcb3f5640,6720,13033546387724406031183,13036580943826610291707,116792572941586853118337
108,2024-03-25 00:00:00.000 UTC,104,8340310495330529586,0x88e6a0c2ddd26feeb64f039a2c41296fcb3f5640,6920,18150590803275280409961,18142250492779949880375,98023753414902534267540
67,2024-03-24 00:00:00.000 UTC,54,-121774369024960959,0x88e6a0c2ddd26feeb64f039a2c41296fcb3f5640,5906,10023603337731785583494,10023725112100810544453,62142510201718736655220
55,2024-03-23 00:00:00.000 UTC,50,534191000279957283,0x88e6a0c2ddd26feeb64f039a2c41296fcb3f5640,5632,9234318332856528646594,9233784141856248689311,63560125870203661093946
108,2024-03-22 00:00:00.000 UTC,107,242577408956203813,0x88e6a0c2ddd26feeb64f039a2c41296fcb3f5640,7301,11272650791865698239036,11272408214456742035223,145657305190168482469444
84,2024-03-21 00:00:00.000 UTC,78,-256359379777085713,0x88e6a0c2ddd26feeb64f039a2c41296fcb3f5640,7133,15423535507680099208533,15423791867059876294246,146501499067748060460780
170,2024-03-20 00:00:00.000 UTC,170,-5878696491484514771,0x88e6a0c2ddd26feeb64f039a2c41296fcb3f5640,9907,15962498647202598144838,15968377343694082659609,250792262983556646337431
194,2024-03-19 00:00:00.000 UTC,199,-533900705013361849,0x88e6a0c2ddd26feeb64f039a2c41296fcb3f5640,10075,11089777487290862458481,11090311387995875820330,207587576795755395423094
74,2024-03-18 00:00:00.000 UTC,63,8912880088527002848,0x88e6a0c2ddd26feeb64f039a2c41296fcb3f5640,7493,8233732411146675864271,8224819531058148861423,122900369493209593978076
108,2024-03-17 00:00:00.000 UTC,84,-1391916351912857276,0x88e6a0c2ddd26feeb64f039a2c41296fcb3f5640,7175,8739553352893363894146,8740945269245276751422,91049951729258878161639
104,2024-03-16 00:00:00.000 UTC,97,997981164197060229,0x88e6a0c2ddd26feeb64f039a2c41296fcb3f5640,7564,12872878048866643413939,12871880067702446353710,118506951658117345568564
115,2024-03-15 00:00:00.000 UTC,107,156856759334984130,0x88e6a0c2ddd26feeb64f039a2c41296fcb3f5640,9214,5366338083878157497017,5366181227118822512887,258610561858369696034773
77,2024-03-14 00:00:00.000 UTC,69,536808822962887147,0x88e6a0c2ddd26feeb64f039a2c41296fcb3f5640,7119,5313878460907199836647,5313341652084236949500,129364380134509350964093
81,2024-03-13 00:00:00.000 UTC,79,-793174693539194745,0x88e6a0c2ddd26feeb64f039a2c41296fcb3f5640,5881,8303231871669824566596,8304025046363363761341,90293465194887976415768
68,2024-03-12 00:00:00.000 UTC,63,-5821672395768273352,0x88e6a0c2ddd26feeb64f039a2c41296fcb3f5640,6050,4661420491829805574494,4667242164225573847846,131444509164296964385403
89,2024-03-11 00:00:00.000 UTC,81,2217005590461566529,0x88e6a0c2ddd26feeb64f039a2c41296fcb3f5640,5991,9722633388881985052643,9720416383291523486114,111656998538850851350920
43,2024-03-10 00:00:00.000 UTC,48,-27133928191335960074,0x88e6a0c2ddd26feeb64f039a2c41296fcb3f5640,5469,5205584100541379451595,5232718028732715411669,78432572771176019600393
56,2024-03-09 00:00:00.000 UTC,47,9131259518624843002,0x88e6a0c2ddd26feeb64f039a2c41296fcb3f5640,5232,3556514444506617509975,3547383184987992666973,36997715694806588079874
67,2024-03-08 00:00:00.000 UTC,67,-2809643351175064152,0x88e6a0c2ddd26feeb64f039a2c41296fcb3f5640,5586,1527242344387157651930,1530051987738332716082,82131868518733659943669
48,2024-03-07 00:00:00.000 UTC,39,-2025703887142362996,0x88e6a0c2ddd26feeb64f039a2c41296fcb3f5640,5430,1794084048854692238040,1796109752741834601036,94019387635248391358755
84,2024-03-06 00:00:00.000 UTC,70,2379840220464519948,0x88e6a0c2ddd26feeb64f039a2c41296fcb3f5640,7207,7238998175955763559532,7236618335735299039584,173519430865129326792096
113,2024-03-05 00:00:00.000 UTC,93,-2554619603688490047,0x88e6a0c2ddd26feeb64f039a2c41296fcb3f5640,7136,2014503242935251758363,2017057862538940248410,180279167334019122548568
86,2024-03-04 00:00:00.000 UTC,61,-11572698489258100392,0x88e6a0c2ddd26feeb64f039a2c41296fcb3f5640,5467,2052620653102174923088,2064193351591433023480,90428382794513344791728
51,2024-03-03 00:00:00.000 UTC,45,2048155881557965428,0x88e6a0c2ddd26feeb64f039a2c41296fcb3f5640,5172,7480987600828248910762,7478939444946690945334,79243370589766084821077
46,2024-03-02 00:00:00.000 UTC,39,5325564333682538539,0x88e6a0c2ddd26feeb64f039a2c41296fcb3f5640,5298,5097152030631485189370,5091826466297802650831,66740923971813396353037
43,2024-03-01 00:00:00.000 UTC,34,-19144919782134918420,0x88e6a0c2ddd26feeb64f039a2c41296fcb3f5640,6357,3207895106854734942951,3227040026636869861371,83161981786645246140727
